stock_id,old_price,new_price,percentage_change,volume
EDLK,175.85,179.15,1.88,81
GTI,52.89,55.46,4.86,6
CYBR,58.23,59.51,2.2,76
NOVA,125.68,128.08,1.91,13
STBC,187.5,185.68,-0.97,49
EDCI,159.03,161.29,1.42,62
MCRP,57.04,61.66,8.1,47
VPHM,58.76,60.1,2.28,89
EDLK,179.15,183.95,2.68,57
GTI,55.46,56.08,1.12,66
CYBR,59.51,61.03,2.55,74
NOVA,128.08,129.51,1.12,40
STBC,185.68,185.06,-0.33,90
EDCI,161.29,162.29,0.62,16
MCRP,61.66,60.22,-2.34,4
VPHM,60.1,58.93,-1.95,33
EDLK,183.95,186.31,1.28,56
GTI,56.08,61,8.77,72
CYBR,61.03,60.61,-0.69,56
NOVA,129.51,129.65,0.11,95
STBC,185.06,189.66,2.49,74
EDCI,162.29,161.38,-0.56,57
MCRP,60.22,58.36,-3.09,98
VPHM,58.93,59.72,1.34,74
EDLK,186.31,188.47,1.16,51
GTI,61,61.57,0.93,22
CYBR,60.61,59.27,-2.21,24
NOVA,129.65,130.84,0.92,5
STBC,189.66,192.76,1.63,28
EDCI,161.38,159.91,-0.91,56
MCRP,58.36,62.8,7.61,40
VPHM,59.72,60.97,2.09,76
EDLK,188.47,191.72,1.72,58
GTI,61.57,65.62,6.58,41
CYBR,59.27,64.11,8.17,10
NOVA,130.84,130.53,-0.24,15
STBC,192.76,196.09,1.73,19
EDCI,159.91,163.66,2.35,55
MCRP,62.8,66.23,5.46,48
VPHM,60.97,62.68,2.8,37
EDLK,191.72,194.12,1.25,93
GTI,65.62,70.62,7.62,61
CYBR,64.11,62.48,-2.54,68
NOVA,130.53,134.72,3.21,64
STBC,196.09,200.01,2,37
EDCI,163.66,165.21,0.95,37
MCRP,66.23,65.73,-0.75,28
VPHM,62.68,62.19,-0.78,78
EDLK,194.12,192.62,-0.77,28
GTI,70.62,71.56,1.33,33
CYBR,62.48,67.2,7.55,96
NOVA,134.72,137.47,2.04,57
STBC,200.01,198.35,-0.83,69
EDCI,165.21,164.91,-0.18,91
MCRP,65.73,70.16,6.74,96
VPHM,62.19,65.83,5.85,53
EDLK,192.62,193.9,0.66,23
GTI,71.56,70.93,-0.88,44
CYBR,67.2,68.37,1.74,50
NOVA,137.47,139.82,1.71,54
STBC,198.35,198.9,0.28,48
EDCI,164.91,162.92,-1.21,67
MCRP,70.16,71.73,2.24,2
VPHM,65.83,65.39,-0.67,77
EDLK,193.9,196.46,1.32,25
GTI,70.93,72.82,2.66,19
CYBR,68.37,69.01,0.94,71
NOVA,139.82,140.29,0.34,41
STBC,198.9,202.32,1.72,31
EDCI,162.92,161.35,-0.96,87
MCRP,71.73,73.84,2.94,55
VPHM,65.39,68.43,4.65,36
EDLK,196.46,197.58,0.57,39
GTI,72.82,72.87,0.07,3
CYBR,69.01,68.75,-0.38,14
NOVA,140.29,139.96,-0.24,49
STBC,202.32,202.68,0.18,50
EDCI,161.35,162.45,0.68,42
MCRP,73.84,73.64,-0.27,70
VPHM,68.43,70.59,3.16,21
EDLK,197.58,198.94,0.69,48
GTI,72.87,73.84,1.33,99
CYBR,68.75,71.94,4.64,88
NOVA,139.96,138.6,-0.97,98
STBC,202.68,201.61,-0.53,3
EDCI,162.45,162.36,-0.06,12
MCRP,73.64,76.34,3.67,59
VPHM,70.59,75.25,6.6,46
EDLK,198.94,201.78,1.43,89
GTI,73.84,78.47,6.27,42
CYBR,71.94,73.98,2.84,97
NOVA,138.6,139.82,0.88,34
STBC,201.61,202.38,0.38,87
EDCI,162.36,164.71,1.45,43
MCRP,76.34,79.33,3.92,22
VPHM,75.25,73.63,-2.15,85
EDLK,201.78,200.14,-0.81,20
GTI,78.47,76.67,-2.29,55
CYBR,73.98,75.78,2.43,55
NOVA,139.82,142.59,1.98,20
STBC,202.38,203.93,0.77,69
EDCI,164.71,164.97,0.16,28
MCRP,79.33,78.18,-1.45,24
VPHM,73.63,75.16,2.08,69
EDLK,200.14,198.53,-0.8,43
GTI,76.67,79.24,3.35,36
CYBR,75.78,76.58,1.06,76
NOVA,142.59,142.61,0.01,12
STBC,203.93,204.96,0.51,8
EDCI,164.97,169.7,2.87,54
MCRP,78.18,82.55,5.59,2
VPHM,75.16,77.29,2.83,97
EDLK,198.53,202.54,2.02,95
GTI,79.24,78.07,-1.48,75
CYBR,76.58,77.57,1.29,67
NOVA,142.61,147.25,3.25,3
STBC,204.96,208.75,1.85,57
EDCI,169.7,170.27,0.34,36
MCRP,82.55,83.08,0.64,40
VPHM,77.29,80.96,4.75,59
EDLK,202.54,206.74,2.07,10
GTI,78.07,78.08,0.01,41
CYBR,77.57,81.18,4.65,100
NOVA,147.25,147.24,-0.01,19
STBC,208.75,211.82,1.47,28
EDCI,170.27,170.66,0.23,25
MCRP,83.08,82.1,-1.18,91
VPHM,80.96,82.85,2.33,50
EDLK,206.74,210.98,2.05,82
GTI,78.08,80.59,3.21,85
CYBR,81.18,83.4,2.73,88
NOVA,147.24,150.97,2.53,34
STBC,211.82,211.2,-0.29,76
EDCI,170.66,169.36,-0.76,36
MCRP,82.1,81.95,-0.18,53
VPHM,82.85,86.23,4.08,93
EDLK,210.98,209.59,-0.66,9
GTI,80.59,84.35,4.67,23
CYBR,83.4,86.1,3.24,20
NOVA,150.97,149.27,-1.13,25
STBC,211.2,213.37,1.03,34
EDCI,169.36,172.6,1.91,14
MCRP,81.95,83.64,2.06,58
VPHM,86.23,86.86,0.73,42
EDLK,209.59,214.07,2.14,27
GTI,84.35,87.7,3.97,54
CYBR,86.1,89.49,3.94,40
NOVA,149.27,153.22,2.65,78
STBC,213.37,216.08,1.27,96
EDCI,172.6,172.93,0.19,41
MCRP,83.64,86.09,2.93,95
VPHM,86.86,86,-0.99,15
EDLK,214.07,213.07,-0.47,41
GTI,87.7,92.54,5.52,17
CYBR,89.49,90.97,1.65,13
NOVA,153.22,157.7,2.92,35
STBC,216.08,214.49,-0.74,87
EDCI,172.93,172.14,-0.46,6
MCRP,86.09,90.62,5.26,72
VPHM,86,87.64,1.91,80
EDLK,213.07,213.47,0.19,88
GTI,92.54,92.87,0.36,74
CYBR,90.97,93.4,2.67,37
NOVA,157.7,157.38,-0.2,81
STBC,214.49,215.63,0.53,62
EDCI,172.14,170.79,-0.78,73
MCRP,90.62,92.23,1.78,89
VPHM,87.64,90.21,2.93,92
EDLK,213.47,218.39,2.3,78
GTI,92.87,95.46,2.79,45
CYBR,93.4,93.5,0.11,45
NOVA,157.38,156.09,-0.82,67
STBC,215.63,214.27,-0.63,7
EDCI,170.79,173.43,1.55,60
MCRP,92.23,93.59,1.47,46
VPHM,90.21,89.22,-1.1,68
EDLK,218.39,223.29,2.24,30
GTI,95.46,99.8,4.55,31
CYBR,93.5,94.88,1.48,2
NOVA,156.09,156.13,0.03,73
STBC,214.27,214.19,-0.04,52
EDCI,173.43,174.5,0.62,26
MCRP,93.59,95.43,1.97,29
VPHM,89.22,93.3,4.57,97
EDLK,223.29,227.85,2.04,99
GTI,99.8,101.92,2.12,5
CYBR,94.88,95.2,0.34,48
NOVA,156.13,154.49,-1.05,48
STBC,214.19,214.74,0.26,57
EDCI,174.5,178.59,2.34,75
MCRP,95.43,98.02,2.71,21
VPHM,93.3,96.12,3.02,46
EDLK,227.85,229.65,0.79,14
GTI,101.92,106.66,4.65,19
CYBR,95.2,99.91,4.95,40
NOVA,154.49,159.37,3.16,95
STBC,214.74,219.48,2.21,16
EDCI,178.59,180.93,1.31,93
MCRP,98.02,101.78,3.84,11
VPHM,96.12,97.57,1.51,48
EDLK,229.65,229.83,0.08,51
GTI,106.66,108.4,1.63,97
CYBR,99.91,97.01,-2.9,87
NOVA,159.37,157.39,-1.24,59
STBC,219.48,219.7,0.1,33
EDCI,180.93,176.53,-2.43,7
MCRP,101.78,99.5,-2.24,59
VPHM,97.57,94.76,-2.88,45
EDLK,229.83,231.37,0.67,9
GTI,108.4,105.81,-2.39,93
CYBR,97.01,95.48,-1.58,69
NOVA,157.39,156.4,-0.63,40
STBC,219.7,221.03,0.61,21
EDCI,176.53,175.83,-0.4,71
MCRP,99.5,95.71,-3.81,23
VPHM,94.76,90.03,-4.99,100
EDLK,231.37,230.98,-0.17,66
GTI,105.81,106.12,0.29,88
CYBR,95.48,95.4,-0.08,76
NOVA,156.4,151.48,-3.15,69
STBC,221.03,216.32,-2.13,98
EDCI,175.83,171.31,-2.57,27
MCRP,95.71,91.15,-4.76,25
VPHM,90.03,89.2,-0.92,29
EDLK,230.98,229.19,-0.77,29
GTI,106.12,106.74,0.58,27
CYBR,95.4,94.77,-0.66,36
NOVA,151.48,151.24,-0.16,100
STBC,216.32,211.33,-2.31,60
EDCI,171.31,172.41,0.64,45
MCRP,91.15,87.05,-4.5,74
VPHM,89.2,87.09,-2.37,24
EDLK,229.19,227.52,-0.73,65
GTI,106.74,106.05,-0.65,95
CYBR,94.77,93.62,-1.21,88
NOVA,151.24,148.99,-1.49,88
STBC,211.33,209.43,-0.9,39
EDCI,172.41,170.57,-1.07,12
MCRP,87.05,83.19,-4.43,14
VPHM,87.09,83.49,-4.13,29
EDLK,227.52,224.53,-1.31,69
GTI,106.05,105.67,-0.36,85
CYBR,93.62,92.49,-1.21,46
NOVA,148.99,144.13,-3.26,25
STBC,209.43,211.4,0.94,13
EDCI,170.57,165.68,-2.87,14
MCRP,83.19,83.99,0.96,84
VPHM,83.49,81.73,-2.11,50
EDLK,224.53,224.29,-0.11,23
GTI,105.67,101.11,-4.32,77
CYBR,92.49,92.36,-0.14,9
NOVA,144.13,142.55,-1.1,89
STBC,211.4,213.14,0.82,20
EDCI,165.68,166.76,0.65,83
MCRP,83.99,82.37,-1.93,92
VPHM,81.73,83.48,2.14,69
EDLK,224.29,224.79,0.22,87
GTI,101.11,99.45,-1.64,67
CYBR,92.36,91.77,-0.64,70
NOVA,142.55,144.39,1.29,4
STBC,213.14,214.34,0.56,80
EDCI,166.76,164.9,-1.12,50
MCRP,82.37,83.29,1.12,1
VPHM,83.48,82.29,-1.43,10
EDLK,224.79,225.79,0.44,34
GTI,99.45,96.85,-2.61,96
CYBR,91.77,91.08,-0.75,54
NOVA,144.39,144.01,-0.26,29
STBC,214.34,213.88,-0.21,67
EDCI,164.9,161.38,-2.13,69
MCRP,83.29,83.7,0.49,57
VPHM,82.29,78.34,-4.8,5
EDLK,225.79,225.02,-0.34,39
GTI,96.85,92.77,-4.21,20
CYBR,91.08,86.36,-5.18,11
NOVA,144.01,142.09,-1.33,27
STBC,213.88,213.76,-0.06,69
EDCI,161.38,163.37,1.23,82
MCRP,83.7,79.82,-4.64,34
VPHM,78.34,79.73,1.77,44
EDLK,225.02,226.8,0.79,39
GTI,92.77,90.49,-2.46,41
CYBR,86.36,82.42,-4.56,60
NOVA,142.09,143.96,1.32,2
STBC,213.76,213.72,-0.02,46
EDCI,163.37,164.5,0.69,6
MCRP,79.82,75.77,-5.07,85
VPHM,79.73,80.46,0.92,26
EDLK,226.8,225.29,-0.67,98
GTI,90.49,89.48,-1.12,44
CYBR,82.42,82.81,0.47,28
NOVA,143.96,145.59,1.13,55
STBC,213.72,208.83,-2.29,62
EDCI,164.5,164.57,0.04,91
MCRP,75.77,71.86,-5.16,56
VPHM,80.46,79.96,-0.62,99
EDLK,225.29,222.47,-1.25,67
GTI,89.48,86.39,-3.45,35
CYBR,82.81,83.48,0.81,17
NOVA,145.59,144.26,-0.91,84
STBC,208.83,205.01,-1.83,96
EDCI,164.57,162.94,-0.99,49
MCRP,71.86,69.74,-2.95,25
VPHM,79.96,77.32,-3.3,36
EDLK,222.47,223.18,0.32,78
GTI,86.39,88.13,2.01,29
CYBR,83.48,84.74,1.51,33
NOVA,144.26,142.46,-1.25,90
STBC,205.01,204.42,-0.29,24
EDCI,162.94,159.62,-2.04,93
MCRP,69.74,71.24,2.15,80
VPHM,77.32,73.75,-4.62,59
EDLK,223.18,222.42,-0.34,67
GTI,88.13,83.87,-4.83,76
CYBR,84.74,81.1,-4.3,50
NOVA,142.46,142.01,-0.32,92
STBC,204.42,199.42,-2.45,97
EDCI,159.62,160.68,0.66,73
MCRP,71.24,68.51,-3.83,31
VPHM,73.75,74.15,0.54,10
EDLK,222.42,218.58,-1.73,59
GTI,83.87,85.03,1.38,58
CYBR,81.1,78.24,-3.53,100
NOVA,142.01,138.67,-2.35,91
STBC,199.42,196.15,-1.64,19
EDCI,160.68,157.62,-1.9,87
MCRP,68.51,66.64,-2.73,37
VPHM,74.15,75.94,2.41,83
EDLK,218.58,217.07,-0.69,95
GTI,85.03,85.41,0.45,58
CYBR,78.24,77.52,-0.92,81
NOVA,138.67,136.34,-1.68,22
STBC,196.15,191.83,-2.2,38
EDCI,157.62,156.3,-0.84,43
MCRP,66.64,65.97,-1.01,55
VPHM,75.94,71.24,-6.19,98
EDLK,217.07,213.93,-1.45,87
GTI,85.41,81.22,-4.91,82
CYBR,77.52,75.26,-2.92,84
NOVA,136.34,136.01,-0.24,85
STBC,191.83,193.13,0.68,33
EDCI,156.3,151.66,-2.97,91
MCRP,65.97,65.08,-1.35,81
VPHM,71.24,71.77,0.74,8
EDLK,213.93,208.99,-2.31,40
GTI,81.22,77.53,-4.54,54
CYBR,75.26,74.52,-0.98,48
NOVA,136.01,131.12,-3.6,41
STBC,193.13,188.15,-2.58,74
EDCI,151.66,149.06,-1.71,74
MCRP,65.08,62.05,-4.66,65
VPHM,71.77,69.97,-2.51,59
EDLK,208.99,205.44,-1.7,98
GTI,77.53,76.88,-0.84,8
CYBR,74.52,75.29,1.03,68
NOVA,131.12,126.98,-3.16,15
STBC,188.15,184.24,-2.08,23
EDCI,149.06,150.51,0.97,70
MCRP,62.05,59.26,-4.5,47
VPHM,69.97,69,-1.39,15
EDLK,205.44,200.65,-2.33,11
GTI,76.88,73.71,-4.12,64
CYBR,75.29,75.97,0.9,91
NOVA,126.98,123,-3.13,99
STBC,184.24,181.41,-1.54,26
EDCI,150.51,148.29,-1.47,91
MCRP,59.26,57.92,-2.26,83
VPHM,69,64.81,-6.07,86
EDLK,200.65,200.88,0.11,84
GTI,73.71,74.07,0.49,16
CYBR,75.97,71.26,-6.2,25
NOVA,123,121.58,-1.15,32
STBC,181.41,178.73,-1.48,2
EDCI,148.29,144.38,-2.64,1
MCRP,57.92,53.32,-7.94,78
VPHM,64.81,61.31,-5.4,11
EDLK,200.88,198.03,-1.42,46
GTI,74.07,73.79,-0.38,39
CYBR,71.26,70.98,-0.39,69
NOVA,121.58,117.93,-3,45
STBC,178.73,176.62,-1.18,93
EDCI,144.38,144.47,0.06,85
MCRP,53.32,52.95,-0.69,9
VPHM,61.31,58.63,-4.37,36
EDLK,198.03,199.51,0.75,3
GTI,73.79,74.55,1.03,94
CYBR,70.98,72.26,1.8,26
NOVA,117.93,117.15,-0.66,44
STBC,176.62,175.77,-0.48,82
EDCI,144.47,141.69,-1.92,24
MCRP,52.95,48.5,-8.4,30
VPHM,58.63,53.8,-8.24,42
EDLK,199.51,195.47,-2.02,60
GTI,74.55,72.86,-2.27,38
CYBR,72.26,73.94,2.32,13
NOVA,117.15,112.47,-3.99,77
STBC,175.77,175.73,-0.02,71
EDCI,141.69,137.31,-3.09,24
MCRP,48.5,46.26,-4.62,81
VPHM,53.8,52.42,-2.57,62
EDLK,195.47,195.8,0.17,96
GTI,72.86,76.44,4.91,36
CYBR,73.94,73.19,-1.01,78
NOVA,112.47,114.09,1.44,21
STBC,175.73,175.86,0.07,98
EDCI,137.31,135.46,-1.35,38
MCRP,46.26,48.44,4.71,20
VPHM,52.42,56.51,7.8,20
EDLK,195.8,196.42,0.32,66
GTI,76.44,80.9,5.83,45
CYBR,73.19,77.06,5.29,5
NOVA,114.09,116.43,2.05,18
STBC,175.86,174.4,-0.83,94
EDCI,135.46,136.63,0.86,51
MCRP,48.44,50.72,4.71,90
VPHM,56.51,60.89,7.75,88
EDLK,196.42,200.64,2.15,13
GTI,80.9,82.32,1.76,93
CYBR,77.06,81.61,5.9,86
NOVA,116.43,116.07,-0.31,11
STBC,174.4,178.52,2.36,36
EDCI,136.63,139.05,1.77,26
MCRP,50.72,52.42,3.35,51
VPHM,60.89,65.5,7.57,71
EDLK,200.64,205.22,2.28,93
GTI,82.32,85.86,4.3,57
CYBR,81.61,81.24,-0.45,80
NOVA,116.07,117.64,1.35,80
STBC,178.52,177.52,-0.56,27
EDCI,139.05,141.72,1.92,44
MCRP,52.42,54.31,3.61,5
VPHM,65.5,68.7,4.89,13
EDLK,205.22,205.88,0.32,44
GTI,85.86,87.6,2.03,26
CYBR,81.24,81.57,0.41,63
NOVA,117.64,115.86,-1.51,91
STBC,177.52,177.02,-0.28,33
EDCI,141.72,146.1,3.09,45
MCRP,54.31,58.29,7.33,53
VPHM,68.7,71.3,3.78,40
EDLK,205.88,208.8,1.42,100
GTI,87.6,90.57,3.39,48
CYBR,81.57,84.09,3.09,81
NOVA,115.86,117.48,1.4,92
STBC,177.02,180.65,2.05,21
EDCI,146.1,148.55,1.68,20
MCRP,58.29,60.25,3.36,33
VPHM,71.3,74.76,4.85,70
EDLK,208.8,210.72,0.92,49
GTI,90.57,91.34,0.85,87
CYBR,84.09,83.32,-0.92,23
NOVA,117.48,121.26,3.22,47
STBC,180.65,184.11,1.92,50
EDCI,148.55,152.74,2.82,88
MCRP,60.25,61.69,2.39,68
VPHM,74.76,76.85,2.8,24
EDLK,210.72,213.17,1.16,22
GTI,91.34,92.69,1.48,96
CYBR,83.32,87.25,4.72,42
NOVA,121.26,122.36,0.91,70
STBC,184.11,188.19,2.22,6
EDCI,152.74,157.69,3.24,73
MCRP,61.69,65.3,5.85,27
VPHM,76.85,76.51,-0.44,25
EDLK,213.17,213.95,0.37,56
GTI,92.69,93.34,0.7,24
CYBR,87.25,85.82,-1.64,5
NOVA,122.36,125.64,2.68,73
STBC,188.19,191.26,1.63,81
EDCI,157.69,160.33,1.67,61
MCRP,65.3,69.75,6.81,42
VPHM,76.51,77.99,1.93,75
EDLK,213.95,215.55,0.75,17
GTI,93.34,92.51,-0.89,44
CYBR,85.82,84.56,-1.47,9
NOVA,125.64,126.79,0.92,68
STBC,191.26,194.77,1.84,13
EDCI,160.33,162.65,1.45,26
MCRP,69.75,74.36,6.61,80
VPHM,77.99,77.94,-0.06,94
EDLK,215.55,215.11,-0.2,55
GTI,92.51,92.98,0.51,52
CYBR,84.56,88.7,4.9,52
NOVA,126.79,130.24,2.72,73
STBC,194.77,198.14,1.73,74
EDCI,162.65,164.46,1.11,84
MCRP,74.36,76.44,2.8,3
VPHM,77.94,81.56,4.64,8
EDLK,215.11,213.88,-0.57,46
GTI,92.98,96.58,3.87,36
CYBR,88.7,92.14,3.88,85
NOVA,130.24,133,2.12,1
STBC,198.14,200.57,1.23,19
EDCI,164.46,166.07,0.98,61
MCRP,76.44,80.66,5.52,11
VPHM,81.56,81.41,-0.18,88
EDLK,213.88,212.54,-0.63,33
GTI,96.58,97.16,0.6,45
CYBR,92.14,92.07,-0.08,94
NOVA,133,131.66,-1.01,44
STBC,200.57,204.01,1.72,81
EDCI,166.07,171.06,3,91
MCRP,80.66,78.95,-2.12,78
VPHM,81.41,81.12,-0.36,46
EDLK,212.54,216.83,2.02,26
GTI,97.16,96.35,-0.83,25
CYBR,92.07,94.58,2.73,52
NOVA,131.66,132.94,0.97,65
STBC,204.01,203.01,-0.49,46
EDCI,171.06,173.32,1.32,17
MCRP,78.95,81.19,2.84,87
VPHM,81.12,80.8,-0.39,29
EDLK,216.83,221.21,2.02,12
GTI,96.35,99.08,2.83,7
CYBR,94.58,94.11,-0.5,49
NOVA,132.94,132.68,-0.2,22
STBC,203.01,204.93,0.95,51
EDCI,173.32,174.3,0.57,88
MCRP,81.19,81.41,0.27,84
VPHM,80.8,80.14,-0.82,60
EDLK,221.21,221.67,0.21,1
GTI,99.08,100.88,1.82,61
CYBR,94.11,99.06,5.26,26
NOVA,132.68,135.53,2.15,5
STBC,204.93,209.66,2.31,41
EDCI,174.3,175.52,0.7,21
MCRP,81.41,85.39,4.89,23
VPHM,80.14,83.13,3.73,87
EDLK,221.67,220.21,-0.66,60
GTI,100.88,103.44,2.54,4
CYBR,99.06,104.03,5.02,70
NOVA,135.53,135.22,-0.23,84
STBC,209.66,212.32,1.27,82
EDCI,175.52,178.7,1.81,49
MCRP,85.39,84.62,-0.9,34
VPHM,83.13,84.81,2.02,43
EDLK,220.21,221.6,0.63,17
GTI,103.44,105.6,2.09,53
CYBR,104.03,105.86,1.76,83
NOVA,135.22,133.68,-1.14,23
STBC,212.32,217.3,2.35,53
EDCI,178.7,179.1,0.22,67
MCRP,84.62,87.21,3.06,54
VPHM,84.81,88.39,4.22,19
EDLK,221.6,219.84,-0.79,100
GTI,105.6,103.78,-1.72,57
CYBR,105.86,105.1,-0.72,73
NOVA,133.68,136.8,2.33,73
STBC,217.3,220.86,1.64,45
EDCI,179.1,181.9,1.56,71
MCRP,87.21,89.18,2.26,96
VPHM,88.39,89.56,1.32,89
EDLK,219.84,222.96,1.42,38
GTI,103.78,102.28,-1.45,85
CYBR,105.1,103.5,-1.52,93
NOVA,136.8,135.7,-0.8,7
STBC,220.86,223.71,1.29,11
EDCI,181.9,181.21,-0.38,28
MCRP,89.18,91.62,2.74,90
VPHM,89.56,87.65,-2.13,63
EDLK,222.96,227.12,1.87,73
GTI,102.28,105.54,3.19,98
CYBR,103.5,105.35,1.79,97
NOVA,135.7,138.73,2.23,79
STBC,223.71,225.75,0.91,66
EDCI,181.21,186.13,2.72,46
MCRP,91.62,94.21,2.83,51
VPHM,87.65,87.53,-0.14,94
EDLK,227.12,226.87,-0.11,88
GTI,105.54,105.72,0.17,63
CYBR,105.35,104.38,-0.92,92
NOVA,138.73,138.88,0.11,5
STBC,225.75,228.92,1.4,6
EDCI,186.13,186.15,0.01,96
MCRP,94.21,96.68,2.62,76
VPHM,87.53,88.72,1.36,73
EDLK,226.87,229.97,1.37,51
GTI,105.72,107.44,1.63,43
CYBR,104.38,106.53,2.06,30
NOVA,138.88,142.96,2.94,74
STBC,228.92,231.07,0.94,71
EDCI,186.15,188.58,1.31,99
MCRP,96.68,95.32,-1.41,91
VPHM,88.72,92.43,4.18,8
EDLK,229.97,229.65,-0.14,3
GTI,107.44,110.68,3.02,42
CYBR,106.53,105.39,-1.07,22
NOVA,142.96,141.86,-0.77,69
STBC,231.07,235.14,1.76,100
EDCI,188.58,191.22,1.4,83
MCRP,95.32,99.49,4.37,49
VPHM,92.43,93.39,1.04,44
EDLK,229.65,229.5,-0.07,3
GTI,110.68,110.18,-0.45,24
CYBR,105.39,104.31,-1.02,90
NOVA,141.86,140.91,-0.67,74
STBC,235.14,236.33,0.51,76
EDCI,191.22,195.8,2.4,92
MCRP,99.49,103.4,3.93,9
VPHM,93.39,91.45,-2.08,80
EDLK,229.5,225.43,-1.77,35
GTI,110.18,110.63,0.41,85
CYBR,104.31,106.03,1.65,36
NOVA,140.91,142.77,1.32,30
STBC,236.33,235.31,-0.43,77
EDCI,195.8,197.2,0.72,52
MCRP,103.4,98.49,-4.75,27
VPHM,91.45,91.75,0.33,4
EDLK,225.43,223.83,-0.71,50
GTI,110.63,107.6,-2.74,38
CYBR,106.03,101.41,-4.36,90
NOVA,142.77,140.01,-1.93,56
STBC,235.31,236.8,0.63,18
EDCI,197.2,197.62,0.21,62
MCRP,98.49,95.32,-3.22,73
VPHM,91.75,90.26,-1.62,6
EDLK,223.83,222.33,-0.67,28
GTI,107.6,105.91,-1.57,33
CYBR,101.41,100.83,-0.57,46
NOVA,140.01,138.79,-0.87,95
STBC,236.8,235.78,-0.43,14
EDCI,197.62,198.92,0.66,66
MCRP,95.32,94.35,-1.02,63
VPHM,90.26,88.69,-1.74,80
EDLK,222.33,222.27,-0.03,29
GTI,105.91,104.55,-1.28,88
CYBR,100.83,99.84,-0.98,68
NOVA,138.79,139.84,0.76,36
STBC,235.78,235.9,0.05,87
EDCI,198.92,194.53,-2.21,28
MCRP,94.35,94.8,0.48,64
VPHM,88.69,85.09,-4.06,69
EDLK,222.27,224.06,0.81,3
GTI,104.55,104.52,-0.03,77
CYBR,99.84,101.06,1.22,96
NOVA,139.84,137.2,-1.89,73
STBC,235.9,236.45,0.23,81
EDCI,194.53,192.45,-1.07,41
MCRP,94.8,89.85,-5.22,43
VPHM,85.09,86.11,1.2,91
EDLK,224.06,223.46,-0.27,89
GTI,104.52,100.71,-3.65,50
CYBR,101.06,96.97,-4.05,35
NOVA,137.2,134.25,-2.15,87
STBC,236.45,235.86,-0.25,34
EDCI,192.45,194.06,0.84,17
MCRP,89.85,90.51,0.73,36
VPHM,86.11,86.97,1,9
EDLK,223.46,222.84,-0.28,60
GTI,100.71,100.92,0.21,23
CYBR,96.97,94.3,-2.75,44
NOVA,134.25,133.21,-0.77,10
STBC,235.86,232.4,-1.47,16
EDCI,194.06,195.93,0.96,70
MCRP,90.51,89.15,-1.5,35
VPHM,86.97,82.48,-5.16,45
EDLK,222.84,220.02,-1.27,7
GTI,100.92,98.51,-2.39,67
CYBR,94.3,91.7,-2.76,92
NOVA,133.21,132.19,-0.77,19
STBC,232.4,233.38,0.42,48
EDCI,195.93,195.85,-0.04,86
MCRP,89.15,86.38,-3.11,68
VPHM,82.48,78.21,-5.18,74
EDLK,220.02,219.41,-0.28,2
GTI,98.51,96.31,-2.23,81
CYBR,91.7,91.15,-0.6,89
NOVA,132.19,132,-0.14,82
STBC,233.38,229.32,-1.74,67
EDCI,195.85,191.48,-2.23,57
MCRP,86.38,82.55,-4.43,99
VPHM,78.21,77.73,-0.61,77
EDLK,219.41,216.2,-1.46,4
GTI,96.31,98.21,1.97,64
CYBR,91.15,91.63,0.53,12
NOVA,132,132.17,0.13,60
STBC,229.32,229.9,0.25,71
EDCI,191.48,188.71,-1.45,2
MCRP,82.55,83.31,0.92,85
VPHM,77.73,72.87,-6.25,51
EDLK,216.2,215.06,-0.53,12
GTI,98.21,99,0.8,45
CYBR,91.63,91.83,0.22,40
NOVA,132.17,132.08,-0.07,66
STBC,229.9,230.12,0.1,38
EDCI,188.71,187.12,-0.84,55
MCRP,83.31,81.47,-2.21,30
VPHM,72.87,70.11,-3.79,24
EDLK,215.06,213.34,-0.8,66
GTI,99,96.87,-2.15,13
CYBR,91.83,89.42,-2.62,49
NOVA,132.08,130.53,-1.17,27
STBC,230.12,225.84,-1.86,94
EDCI,187.12,182.14,-2.66,33
MCRP,81.47,81.89,0.52,58
VPHM,70.11,68.99,-1.6,80
EDLK,213.34,211.45,-0.89,98
GTI,96.87,94.57,-2.37,5
CYBR,89.42,90.84,1.59,20
NOVA,130.53,125.76,-3.65,16
STBC,225.84,225.06,-0.35,6
EDCI,182.14,181.46,-0.37,12
MCRP,81.89,80.26,-1.99,4
VPHM,68.99,70.12,1.64,52
EDLK,211.45,211.71,0.12,23
GTI,94.57,93.2,-1.45,81
CYBR,90.84,86.59,-4.68,77
NOVA,125.76,123.27,-1.98,75
STBC,225.06,220.52,-2.02,95
EDCI,181.46,182.02,0.31,9
MCRP,80.26,77.17,-3.85,4
VPHM,70.12,67.19,-4.18,4
EDLK,211.71,207.29,-2.09,15
GTI,93.2,93.46,0.28,68
CYBR,86.59,86.58,-0.01,39
NOVA,123.27,120.18,-2.51,39
STBC,220.52,220.16,-0.16,64
EDCI,182.02,181.9,-0.07,80
MCRP,77.17,77.82,0.84,62
VPHM,67.19,68.61,2.11,68
EDLK,207.29,203.96,-1.61,28
GTI,93.46,91.38,-2.23,60
CYBR,86.58,83.34,-3.74,41
NOVA,120.18,118.81,-1.14,56
STBC,220.16,219.81,-0.16,6
EDCI,181.9,178.27,-2,57
MCRP,77.82,77.13,-0.89,15
VPHM,68.61,65.24,-4.91,13
EDLK,203.96,199.33,-2.27,53
GTI,91.38,92.88,1.64,12
CYBR,83.34,83.6,0.31,86
NOVA,118.81,114.66,-3.49,98
STBC,219.81,216.94,-1.31,88
EDCI,178.27,174.46,-2.14,8
MCRP,77.13,72.85,-5.55,45
VPHM,65.24,60.42,-7.39,65
EDLK,199.33,199.27,-0.03,68
GTI,92.88,93.97,1.17,28
CYBR,83.6,80.5,-3.71,80
NOVA,114.66,114.89,0.2,79
STBC,216.94,218.4,0.67,39
EDCI,174.46,171.13,-1.91,35
MCRP,72.85,68.56,-5.89,55
VPHM,60.42,56.24,-6.92,34
EDLK,199.27,196.7,-1.29,13
GTI,93.97,94.66,0.73,26
CYBR,80.5,79.97,-0.66,62
NOVA,114.89,115.7,0.71,42
STBC,218.4,217.3,-0.5,88
EDCI,171.13,167.12,-2.34,20
MCRP,68.56,63.87,-6.84,76
VPHM,56.24,54.75,-2.65,68
EDLK,196.7,192.63,-2.07,81
GTI,94.66,96.37,1.81,88
CYBR,79.97,78.68,-1.61,86
NOVA,115.7,114.66,-0.9,5
STBC,217.3,212.87,-2.04,93
EDCI,167.12,167.1,-0.01,31
MCRP,63.87,60.28,-5.62,99
VPHM,54.75,53.93,-1.5,55
EDLK,192.63,188.91,-1.93,89
GTI,96.37,95.76,-0.63,84
CYBR,78.68,77.12,-1.98,25
NOVA,114.66,113.57,-0.95,49
STBC,212.87,212.66,-0.1,13
EDCI,167.1,165.17,-1.15,59
MCRP,60.28,61.03,1.24,84
VPHM,53.93,52.2,-3.21,56
EDLK,188.91,188.97,0.03,14
GTI,95.76,97.38,1.69,44
CYBR,77.12,77.38,0.34,41
NOVA,113.57,112.3,-1.12,77
STBC,212.66,209.37,-1.55,38
EDCI,165.17,160.51,-2.82,75
MCRP,61.03,56.73,-7.05,50
VPHM,52.2,49.16,-5.82,77
EDLK,188.97,190.62,0.87,52
GTI,97.38,97.19,-0.2,81
CYBR,77.38,77.79,0.53,29
NOVA,112.3,108.42,-3.46,26
STBC,209.37,207.41,-0.94,23
EDCI,160.51,159.41,-0.69,52
MCRP,56.73,51.84,-8.62,42
VPHM,49.16,46.32,-5.78,11
EDLK,190.62,192.07,0.76,68
GTI,97.19,93.11,-4.2,98
CYBR,77.79,78.25,0.59,66
NOVA,108.42,107.62,-0.74,96
STBC,207.41,206.54,-0.42,30
EDCI,159.41,154.45,-3.11,19
MCRP,51.84,51.88,0.08,74
VPHM,46.32,46.8,1.04,76
EDLK,192.07,190.44,-0.85,5
GTI,93.11,91.26,-1.99,48
CYBR,78.25,78.37,0.15,6
NOVA,107.62,103.85,-3.5,84
STBC,206.54,205.05,-0.72,43
EDCI,154.45,152.35,-1.36,2
MCRP,51.88,51.55,-0.64,4
VPHM,46.8,42.13,-9.98,84
EDLK,190.44,188.9,-0.81,29
GTI,91.26,90.65,-0.67,22
CYBR,78.37,80.31,2.48,89
NOVA,103.85,106.26,2.32,78
STBC,205.05,207.82,1.35,84
EDCI,152.35,153.41,0.7,21
MCRP,51.55,56.33,9.27,16
VPHM,42.13,47,11.56,64
EDLK,188.9,190.73,0.97,7
GTI,90.65,89.07,-1.74,49
CYBR,80.31,81.65,1.67,69
NOVA,106.26,107.93,1.57,82
STBC,207.82,207.25,-0.27,26
EDCI,153.41,157.28,2.52,98
MCRP,56.33,54.77,-2.77,58
VPHM,47,47.14,0.3,49
EDLK,190.73,190.12,-0.32,53
GTI,89.07,89.07,0,80
CYBR,81.65,81.47,-0.22,67
NOVA,107.93,107.36,-0.53,67
STBC,207.25,208.75,0.72,73
EDCI,157.28,156.46,-0.52,96
MCRP,54.77,56.25,2.7,32
VPHM,47.14,46.53,-1.29,75
EDLK,190.12,189.96,-0.08,84
GTI,89.07,93.12,4.55,84
CYBR,81.47,84.33,3.51,57
NOVA,107.36,109.3,1.81,50
STBC,208.75,212.91,1.99,56
EDCI,156.46,155.06,-0.89,28
MCRP,56.25,54.3,-3.47,17
VPHM,46.53,46.6,0.15,51
EDLK,189.96,188.29,-0.88,25
GTI,93.12,94.41,1.39,33
CYBR,84.33,85.94,1.91,59
NOVA,109.3,109.72,0.38,31
STBC,212.91,215.35,1.15,69
EDCI,155.06,154.28,-0.5,21
MCRP,54.3,58.45,7.64,18
VPHM,46.6,46.48,-0.26,53
EDLK,188.29,189.84,0.82,11
GTI,94.41,93.04,-1.45,91
CYBR,85.94,88.87,3.41,89
NOVA,109.72,108.39,-1.21,59
STBC,215.35,219.25,1.81,40
EDCI,154.28,154.14,-0.09,89
MCRP,58.45,57.5,-1.63,19
VPHM,46.48,47.33,1.83,21
EDLK,189.84,189.81,-0.02,70
GTI,93.04,91.46,-1.7,53
CYBR,88.87,92.65,4.25,54
NOVA,108.39,111.02,2.43,70
STBC,219.25,222.25,1.37,71
EDCI,154.14,158.05,2.54,17
MCRP,57.5,61.97,7.77,77
VPHM,47.33,51.16,8.09,8
EDLK,189.81,190.23,0.22,47
GTI,91.46,92.57,1.21,33
CYBR,92.65,92.44,-0.23,82
NOVA,111.02,111.28,0.23,34
STBC,222.25,225.74,1.57,68
EDCI,158.05,157.57,-0.3,31
MCRP,61.97,66.87,7.91,70
VPHM,51.16,50.75,-0.8,65
EDLK,190.23,192.88,1.39,1
GTI,92.57,92.68,0.12,30
CYBR,92.44,93.2,0.82,42
NOVA,111.28,109.32,-1.76,57
STBC,225.74,229.75,1.78,44
EDCI,157.57,161.69,2.61,34
MCRP,66.87,70,4.68,53
VPHM,50.75,48.89,-3.67,44
EDLK,192.88,191.32,-0.81,94
GTI,92.68,92.71,0.03,27
CYBR,93.2,92.72,-0.52,41
NOVA,109.32,108.61,-0.65,43
STBC,229.75,233.91,1.81,9
EDCI,161.69,161.44,-0.15,65
MCRP,70,74.11,5.87,56
VPHM,48.89,48.78,-0.22,25
EDLK,191.32,190.12,-0.63,9
GTI,92.71,94.71,2.16,11
CYBR,92.72,91.16,-1.68,19
NOVA,108.61,107.3,-1.21,77
STBC,233.91,233.65,-0.11,25
EDCI,161.44,165.92,2.78,16
MCRP,74.11,76.52,3.25,39
VPHM,48.78,50.04,2.58,94
EDLK,190.12,195.07,2.6,88
GTI,94.71,98.01,3.48,84
CYBR,91.16,93.06,2.08,84
NOVA,107.3,107.31,0.01,5
STBC,233.65,237.12,1.49,92
EDCI,165.92,167.18,0.76,73
MCRP,76.52,78.86,3.06,3
VPHM,50.04,48.17,-3.74,57
EDLK,195.07,193.98,-0.56,79
GTI,98.01,98.27,0.27,15
CYBR,93.06,92.48,-0.62,15
NOVA,107.31,108.8,1.39,2
STBC,237.12,236.33,-0.33,65
EDCI,167.18,171.36,2.5,14
MCRP,78.86,80.33,1.86,99
VPHM,48.17,47.42,-1.56,16
EDLK,193.98,193.19,-0.41,36
GTI,98.27,99.23,0.98,65
CYBR,92.48,92.31,-0.18,94
NOVA,108.8,113.53,4.35,60
STBC,236.33,240.12,1.6,37
EDCI,171.36,173.21,1.08,29
MCRP,80.33,83.32,3.72,37
VPHM,47.42,50.47,6.43,66
EDLK,193.19,193.57,0.2,67
GTI,99.23,101.54,2.33,36
CYBR,92.31,97.2,5.3,57
NOVA,113.53,115.88,2.07,32
STBC,240.12,244.08,1.65,76
EDCI,173.21,176.13,1.69,96
MCRP,83.32,82.75,-0.68,35
VPHM,50.47,48.89,-3.13,25
EDLK,193.57,192.78,-0.41,72
GTI,101.54,104.37,2.79,18
CYBR,97.2,99.54,2.41,2
NOVA,115.88,117.6,1.48,58
STBC,244.08,248.76,1.92,81
EDCI,176.13,177.82,0.96,24
MCRP,82.75,86.79,4.88,83
VPHM,48.89,49.29,0.82,34
EDLK,192.78,192.63,-0.08,86
GTI,104.37,105.29,0.88,24
CYBR,99.54,100.76,1.23,56
NOVA,117.6,116.23,-1.16,20
STBC,248.76,250.26,0.6,51
EDCI,177.82,181.72,2.19,87
MCRP,86.79,90.87,4.7,64
VPHM,49.29,51.7,4.89,50
EDLK,192.63,196.02,1.76,80
GTI,105.29,109.91,4.39,79
CYBR,100.76,102.69,1.92,89
NOVA,116.23,115.17,-0.91,37
STBC,250.26,253.37,1.24,59
EDCI,181.72,181.53,-0.1,37
MCRP,90.87,95.44,5.03,5
VPHM,51.7,55.39,7.14,28
EDLK,196.02,198.56,1.3,42
GTI,109.91,113.86,3.59,10
CYBR,102.69,104.77,2.03,79
NOVA,115.17,119.7,3.93,38
STBC,253.37,253.64,0.11,80
EDCI,181.53,183.52,1.1,20
MCRP,95.44,94.39,-1.1,23
VPHM,55.39,59.79,7.94,17
EDLK,198.56,201.98,1.72,23
GTI,113.86,116.46,2.28,1
CYBR,104.77,106.01,1.18,94
NOVA,119.7,118.14,-1.3,89
STBC,253.64,255.26,0.64,16
EDCI,183.52,188.32,2.62,63
MCRP,94.39,92.58,-1.92,66
VPHM,59.79,62.93,5.25,60
EDLK,201.98,202.23,0.12,73
GTI,116.46,119.67,2.76,15
CYBR,106.01,106.31,0.28,62
NOVA,118.14,117.64,-0.42,78
STBC,255.26,260.14,1.91,1
EDCI,188.32,189.7,0.73,88
MCRP,92.58,93.15,0.62,17
VPHM,62.93,64.82,3,92
EDLK,202.23,205.13,1.43,56
GTI,119.67,122.17,2.09,98
CYBR,106.31,105.36,-0.89,16
NOVA,117.64,115.65,-1.69,43
STBC,260.14,260.06,-0.03,31
EDCI,189.7,191.6,1,28
MCRP,93.15,92.4,-0.81,34
VPHM,64.82,66.21,2.14,46
EDLK,205.13,205.3,0.08,74
GTI,122.17,124.15,1.62,6
CYBR,105.36,108.16,2.66,36
NOVA,115.65,116.06,0.35,77
STBC,260.06,263.86,1.46,4
EDCI,191.6,189.75,-0.97,51
MCRP,92.4,93,0.65,15
VPHM,66.21,65.46,-1.13,85
EDLK,205.3,208.38,1.5,82
GTI,124.15,127.26,2.51,39
CYBR,108.16,107.04,-1.04,54
NOVA,116.06,116.48,0.36,62
STBC,263.86,263.26,-0.23,9
EDCI,189.75,191.95,1.16,24
MCRP,93,95.57,2.76,53
VPHM,65.46,63.52,-2.96,96
EDLK,208.38,207.98,-0.19,60
GTI,127.26,126.32,-0.74,89
CYBR,107.04,106.55,-0.46,27
NOVA,116.48,118.55,1.78,86
STBC,263.26,267.52,1.62,65
EDCI,191.95,194.64,1.4,21
MCRP,95.57,96.64,1.12,68
VPHM,63.52,62.61,-1.43,44
EDLK,207.98,204.32,-1.76,98
GTI,126.32,125.48,-0.66,100
CYBR,106.55,108.07,1.43,5
NOVA,118.55,119.29,0.62,30
STBC,267.52,263.19,-1.62,91
EDCI,194.64,193.42,-0.63,31
MCRP,96.64,92.14,-4.66,32
VPHM,62.61,61.84,-1.23,97
EDLK,204.32,204.88,0.27,80
GTI,125.48,125.04,-0.35,90
CYBR,108.07,104.7,-3.12,30
NOVA,119.29,115.58,-3.11,4
STBC,263.19,258.59,-1.75,11
EDCI,193.42,189.56,-2,31
MCRP,92.14,93.79,1.79,20
VPHM,61.84,60.97,-1.41,65
EDLK,204.88,204.39,-0.24,82
GTI,125.04,120.16,-3.9,47
CYBR,104.7,105.95,1.19,95
NOVA,115.58,117.54,1.7,40
STBC,258.59,259.51,0.36,75
EDCI,189.56,189.81,0.13,37
MCRP,93.79,90.81,-3.18,64
VPHM,60.97,59.49,-2.43,34
EDLK,204.39,200.13,-2.08,60
GTI,120.16,120.87,0.59,57
CYBR,105.95,104.62,-1.26,45
NOVA,117.54,114.88,-2.26,69
STBC,259.51,256.78,-1.05,95
EDCI,189.81,186.86,-1.55,7
MCRP,90.81,92.11,1.43,33
VPHM,59.49,55.75,-6.29,91
EDLK,200.13,195.55,-2.29,67
GTI,120.87,119.46,-1.17,60
CYBR,104.62,103.05,-1.5,99
NOVA,114.88,113.2,-1.46,37
STBC,256.78,255.55,-0.48,47
EDCI,186.86,183.95,-1.56,82
MCRP,92.11,88.82,-3.57,97
VPHM,55.75,57.02,2.28,11
EDLK,195.55,193.58,-1.01,51
GTI,119.46,118.67,-0.66,3
CYBR,103.05,100.71,-2.27,49
NOVA,113.2,111.81,-1.23,13
STBC,255.55,251.36,-1.64,39
EDCI,183.95,182.71,-0.67,51
MCRP,88.82,86.9,-2.16,2
VPHM,57.02,54.24,-4.88,8
EDLK,193.58,191.5,-1.07,23
GTI,118.67,115.93,-2.31,44
CYBR,100.71,96.09,-4.59,84
NOVA,111.81,112.4,0.53,1
STBC,251.36,249.18,-0.87,32
EDCI,182.71,178.93,-2.07,36
MCRP,86.9,85.82,-1.24,14
VPHM,54.24,53.71,-0.98,61
EDLK,191.5,193.27,0.92,100
GTI,115.93,117.84,1.65,17
CYBR,96.09,92.16,-4.09,23
NOVA,112.4,110.72,-1.49,4
STBC,249.18,248.3,-0.35,9
EDCI,178.93,174.45,-2.5,30
MCRP,85.82,83.69,-2.48,48
VPHM,53.71,49.53,-7.78,11
EDLK,193.27,193.38,0.06,5
GTI,117.84,118.08,0.2,44
CYBR,92.16,90.32,-2,17
NOVA,110.72,108.77,-1.76,91
STBC,248.3,244.11,-1.69,18
EDCI,174.45,170.63,-2.19,9
MCRP,83.69,80.17,-4.21,90
VPHM,49.53,45.59,-7.95,17
EDLK,193.38,194.58,0.62,69
GTI,118.08,117.79,-0.25,98
CYBR,90.32,86.13,-4.64,79
NOVA,108.77,108.95,0.17,79
STBC,244.11,244.51,0.16,91
EDCI,170.63,166.23,-2.58,11
MCRP,80.17,77.75,-3.02,1
VPHM,45.59,47.1,3.31,97
EDLK,194.58,195.92,0.69,12
GTI,117.79,119.34,1.32,81
CYBR,86.13,85.39,-0.86,94
NOVA,108.95,104.96,-3.66,29
STBC,244.51,242.41,-0.86,13
EDCI,166.23,161.97,-2.56,32
MCRP,77.75,76.78,-1.25,51
VPHM,47.1,44.56,-5.39,67
EDLK,195.92,191.1,-2.46,37
GTI,119.34,115.9,-2.88,29
CYBR,85.39,81.59,-4.45,97
NOVA,104.96,102.82,-2.04,32
STBC,242.41,240.43,-0.82,21
EDCI,161.97,160.16,-1.12,82
MCRP,76.78,72.07,-6.13,75
VPHM,44.56,45.76,2.69,6
EDLK,191.1,189.07,-1.06,57
GTI,115.9,111.17,-4.08,79
CYBR,81.59,81.1,-0.6,76
NOVA,102.82,104.23,1.37,71
STBC,240.43,242.12,0.7,25
EDCI,160.16,156.91,-2.03,38
MCRP,72.07,68.17,-5.41,39
VPHM,45.76,46.58,1.79,3
EDLK,189.07,188.2,-0.46,49
GTI,111.17,109.86,-1.18,28
CYBR,81.1,81.13,0.04,8
NOVA,104.23,99.65,-4.39,44
STBC,242.12,238.87,-1.34,44
EDCI,156.91,158.66,1.12,63
MCRP,68.17,66.03,-3.14,34
VPHM,46.58,44.28,-4.94,13
EDLK,188.2,184.7,-1.86,18
GTI,109.86,105.06,-4.37,85
CYBR,81.13,77.19,-4.86,18
NOVA,99.65,100.78,1.13,28
STBC,238.87,240.81,0.81,71
EDCI,158.66,154.67,-2.51,54
MCRP,66.03,67.24,1.83,67
VPHM,44.28,44.87,1.33,47
EDLK,184.7,184.19,-0.28,31
GTI,105.06,103.01,-1.95,44
CYBR,77.19,78.74,2.01,92
NOVA,100.78,98.59,-2.17,4
STBC,240.81,241.86,0.44,78
EDCI,154.67,156.36,1.09,80
MCRP,67.24,67.41,0.25,44
VPHM,44.87,43.1,-3.94,62
EDLK,184.19,181.71,-1.35,53
GTI,103.01,98.91,-3.98,80
CYBR,78.74,79.7,1.22,11
NOVA,98.59,95.92,-2.71,63
STBC,241.86,239.49,-0.98,72
EDCI,156.36,152.01,-2.78,31
MCRP,67.41,64.85,-3.8,70
VPHM,43.1,41.01,-4.85,32
EDLK,181.71,177.21,-2.48,51
GTI,98.91,99.18,0.27,78
CYBR,79.7,75.6,-5.14,1
NOVA,95.92,95.51,-0.43,15
STBC,239.49,239.55,0.03,66
EDCI,152.01,150.75,-0.83,64
MCRP,64.85,64.14,-1.09,88
VPHM,41.01,40.68,-0.8,86
EDLK,177.21,172.35,-2.74,82
GTI,99.18,94.56,-4.66,10
CYBR,75.6,74.82,-1.03,42
NOVA,95.51,93.01,-2.62,65
STBC,239.55,235.93,-1.51,17
EDCI,150.75,151.35,0.4,52
MCRP,64.14,60.07,-6.35,44
VPHM,40.68,38.15,-6.22,68
EDLK,172.35,167.75,-2.67,47
GTI,94.56,90.58,-4.21,50
CYBR,74.82,72.85,-2.63,83
NOVA,93.01,94.11,1.18,34
STBC,235.93,233.02,-1.23,84
EDCI,151.35,149.02,-1.54,48
MCRP,60.07,56.92,-5.24,29
VPHM,38.15,38.95,2.1,88
EDLK,167.75,166.11,-0.98,21
GTI,90.58,85.87,-5.2,55
CYBR,72.85,68.79,-5.57,53
NOVA,94.11,95.83,1.83,76
STBC,233.02,229.89,-1.34,66
EDCI,149.02,150.64,1.09,30
MCRP,56.92,56.27,-1.14,56
VPHM,38.95,37.62,-3.41,66
EDLK,166.11,167.33,0.73,22
GTI,85.87,82.92,-3.44,71
CYBR,68.79,69.92,1.64,4
NOVA,95.83,96.12,0.3,10
STBC,229.89,226.49,-1.48,21
EDCI,150.64,146.73,-2.6,78
MCRP,56.27,56.45,0.32,58
VPHM,37.62,35.65,-5.24,68
EDLK,167.33,165.51,-1.09,51
GTI,82.92,83.91,1.19,58
CYBR,69.92,68.6,-1.89,20
NOVA,96.12,97.92,1.87,90
STBC,226.49,223.22,-1.44,40
EDCI,146.73,146.31,-0.29,84
MCRP,56.45,54.38,-3.67,61
VPHM,35.65,33.39,-6.34,57
EDLK,165.51,165.84,0.2,62
GTI,83.91,82.99,-1.1,28
CYBR,68.6,66.22,-3.47,59
NOVA,97.92,97.68,-0.25,33
STBC,223.22,223.37,0.07,57
EDCI,146.31,143.25,-2.09,37
MCRP,54.38,52.95,-2.63,27
VPHM,33.39,34.64,3.74,94
EDLK,165.84,162.07,-2.27,19
GTI,82.99,79.04,-4.76,80
CYBR,66.22,63.43,-4.21,53
NOVA,97.68,94.01,-3.76,67
STBC,223.37,220.27,-1.39,73
EDCI,143.25,142.35,-0.63,60
MCRP,52.95,52.54,-0.77,56
VPHM,34.64,33.13,-4.36,14
EDLK,162.07,166.93,3,27
GTI,79.04,83.78,6,12
CYBR,63.43,62.79,-1.01,83
NOVA,94.01,97.38,3.58,44
STBC,220.27,220.23,-0.02,85
EDCI,142.35,144.43,1.46,69
MCRP,52.54,56.96,8.41,54
VPHM,33.13,37.73,13.88,97
EDLK,166.93,171.89,2.97,3
GTI,83.78,85.69,2.28,68
CYBR,62.79,61.29,-2.39,77
NOVA,97.38,96.8,-0.6,39
STBC,220.23,220.14,-0.04,37
EDCI,144.43,147.22,1.93,43
MCRP,56.96,59.18,3.9,51
VPHM,37.73,42.67,13.09,52
EDLK,171.89,173.59,0.99,67
GTI,85.69,85.03,-0.77,72
CYBR,61.29,61.32,0.05,1
NOVA,96.8,95.91,-0.92,4
STBC,220.14,220.45,0.14,52
EDCI,147.22,148.25,0.7,30
MCRP,59.18,58.86,-0.54,64
VPHM,42.67,44.32,3.87,73
EDLK,173.59,175.4,1.04,42
GTI,85.03,87.55,2.96,70
CYBR,61.32,63.13,2.95,74
NOVA,95.91,94.62,-1.35,59
STBC,220.45,225.12,2.12,91
EDCI,148.25,150.2,1.32,76
MCRP,58.86,59.18,0.54,4
VPHM,44.32,46.49,4.9,43
EDLK,175.4,179.85,2.54,44
GTI,87.55,88.71,1.32,91
CYBR,63.13,66.24,4.93,11
NOVA,94.62,96.11,1.57,57
STBC,225.12,224.82,-0.13,24
EDCI,150.2,150.82,0.41,85
MCRP,59.18,59.19,0.02,87
VPHM,46.49,44.79,-3.66,21
EDLK,179.85,180.39,0.3,3
GTI,88.71,86.93,-2.01,18
CYBR,66.24,66.27,0.05,57
NOVA,96.11,94.31,-1.87,22
STBC,224.82,226.44,0.72,44
EDCI,150.82,155.04,2.8,39
MCRP,59.19,59.56,0.63,35
VPHM,44.79,44.11,-1.52,67
EDLK,180.39,184.23,2.13,92
GTI,86.93,85.26,-1.92,57
CYBR,66.27,68.41,3.23,100
NOVA,94.31,97.6,3.49,40
STBC,226.44,230.42,1.76,60
EDCI,155.04,153.7,-0.86,62
MCRP,59.56,57.66,-3.19,59
VPHM,44.11,45.98,4.24,94
EDLK,184.23,185.65,0.77,19
GTI,85.26,85.08,-0.21,47
CYBR,68.41,67.17,-1.81,98
NOVA,97.6,100.2,2.66,24
STBC,230.42,233.01,1.12,52
EDCI,153.7,154.02,0.21,66
MCRP,57.66,61.38,6.45,76
VPHM,45.98,45.19,-1.72,32
EDLK,185.65,185.89,0.13,52
GTI,85.08,89.67,5.39,66
CYBR,67.17,67.61,0.66,23
NOVA,100.2,99.19,-1.01,18
STBC,233.01,233.9,0.38,19
EDCI,154.02,155.16,0.74,16
MCRP,61.38,60.6,-1.27,25
VPHM,45.19,47.62,5.38,53
EDLK,185.89,186.73,0.45,94
GTI,89.67,90.87,1.34,34
CYBR,67.61,65.61,-2.96,39
NOVA,99.19,97.94,-1.26,8
STBC,233.9,236.77,1.23,56
EDCI,155.16,155.99,0.53,6
MCRP,60.6,64.47,6.39,40
VPHM,47.62,50.68,6.43,30
EDLK,186.73,185.91,-0.44,10
GTI,90.87,89.19,-1.85,51
CYBR,65.61,64.47,-1.74,6
NOVA,97.94,99.9,2,1
STBC,236.77,240.59,1.61,28
EDCI,155.99,158.06,1.33,59
MCRP,64.47,66.03,2.42,25
VPHM,50.68,54.87,8.27,22
EDLK,185.91,186.93,0.55,42
GTI,89.19,87.99,-1.35,71
CYBR,64.47,65.97,2.33,64
NOVA,99.9,102.11,2.21,20
STBC,240.59,239.33,-0.52,82
EDCI,158.06,158.5,0.28,54
MCRP,66.03,69.98,5.98,63
VPHM,54.87,52.94,-3.52,35
EDLK,186.93,190.49,1.9,61
GTI,87.99,88.02,0.03,8
CYBR,65.97,65.69,-0.42,97
NOVA,102.11,101.36,-0.73,57
STBC,239.33,243.08,1.57,98
EDCI,158.5,163.12,2.91,56
MCRP,69.98,70.93,1.36,72
VPHM,52.94,55.61,5.04,96
EDLK,190.49,189.84,-0.34,32
GTI,88.02,87.86,-0.18,82
CYBR,65.69,70.12,6.74,76
NOVA,101.36,102.48,1.1,43
STBC,243.08,247.04,1.63,35
EDCI,163.12,162.76,-0.22,95
MCRP,70.93,75.04,5.79,83
VPHM,55.61,59.81,7.55,26
EDLK,189.84,189.95,0.06,22
GTI,87.86,86.89,-1.1,23
CYBR,70.12,70.63,0.73,29
NOVA,102.48,101.21,-1.24,19
STBC,247.04,245.77,-0.51,45
EDCI,162.76,167.31,2.8,88
MCRP,75.04,77.2,2.88,78
VPHM,59.81,58.27,-2.57,34
EDLK,189.95,192.61,1.4,27
GTI,86.89,91.11,4.86,36
CYBR,70.63,75.07,6.29,84
NOVA,101.21,104.52,3.27,80
STBC,245.77,250.3,1.84,52
EDCI,167.31,170.02,1.62,54
MCRP,77.2,75.38,-2.36,55
VPHM,58.27,59.58,2.25,3
EDLK,192.61,196.03,1.78,25
GTI,91.11,93.04,2.12,50
CYBR,75.07,73.96,-1.48,31
NOVA,104.52,104.71,0.18,64
STBC,250.3,252.63,0.93,84
EDCI,170.02,173.78,2.21,41
MCRP,75.38,78,3.48,12
VPHM,59.58,63.67,6.86,78
EDLK,196.03,199.13,1.58,86
GTI,93.04,92.08,-1.03,54
CYBR,73.96,72.94,-1.38,84
NOVA,104.71,107.55,2.71,35
STBC,252.63,254.24,0.64,1
EDCI,173.78,177.5,2.14,58
MCRP,78,77.63,-0.47,12
VPHM,63.67,68.39,7.41,12
EDLK,199.13,197.76,-0.69,48
GTI,92.08,93.24,1.26,94
CYBR,72.94,75.64,3.7,72
NOVA,107.55,107.23,-0.3,67
STBC,254.24,257.45,1.26,85
EDCI,177.5,176.3,-0.68,57
MCRP,77.63,75.79,-2.37,16
VPHM,68.39,68.49,0.15,64
EDLK,197.76,196.24,-0.77,72
GTI,93.24,97.72,4.8,59
CYBR,75.64,76.88,1.64,94
NOVA,107.23,109.27,1.9,46
STBC,257.45,256.65,-0.31,36
EDCI,176.3,179.42,1.77,73
MCRP,75.79,75.66,-0.17,88
VPHM,68.49,71.92,5.01,77
EDLK,196.24,198.82,1.31,59
GTI,97.72,97.3,-0.43,7
CYBR,76.88,79.66,3.62,33
NOVA,109.27,111.97,2.47,32
STBC,256.65,256.95,0.12,99
EDCI,179.42,182.95,1.97,7
MCRP,75.66,80.61,6.54,59
VPHM,71.92,70.39,-2.13,18
EDLK,198.82,201.57,1.38,16
GTI,97.3,101.68,4.5,48
CYBR,79.66,82.94,4.12,26
NOVA,111.97,114.6,2.35,18
STBC,256.95,258.88,0.75,49
EDCI,182.95,186.57,1.98,41
MCRP,80.61,83.55,3.65,99
VPHM,70.39,69.34,-1.49,50
EDLK,201.57,202.93,0.67,45
GTI,101.68,105.5,3.76,31
CYBR,82.94,84.75,2.18,79
NOVA,114.6,115.21,0.53,8
STBC,258.88,259.83,0.37,20
EDCI,186.57,190.88,2.31,98
MCRP,83.55,82.31,-1.48,83
VPHM,69.34,72.74,4.9,58
EDLK,202.93,205.42,1.23,19
GTI,105.5,106.38,0.83,80
CYBR,84.75,85.2,0.53,49
NOVA,115.21,115.67,0.4,67
STBC,259.83,261.15,0.51,83
EDCI,190.88,193.64,1.45,51
MCRP,82.31,83.98,2.03,85
VPHM,72.74,71.67,-1.47,27
EDLK,205.42,209.35,1.91,65
GTI,106.38,105.05,-1.25,84
CYBR,85.2,85.09,-0.13,39
NOVA,115.67,120.39,4.08,24
STBC,261.15,262.75,0.61,11
EDCI,193.64,197.74,2.12,89
MCRP,83.98,84.26,0.33,30
VPHM,71.67,72.47,1.12,79
EDLK,209.35,206.06,-1.57,28
GTI,105.05,103.01,-1.94,66
CYBR,85.09,83.36,-2.03,6
NOVA,120.39,122.12,1.44,16
STBC,262.75,258.58,-1.59,14
EDCI,197.74,193.21,-2.29,56
MCRP,84.26,81.49,-3.29,14
VPHM,72.47,73.9,1.97,81
EDLK,206.06,207.58,0.74,44
GTI,103.01,100.88,-2.07,41
CYBR,83.36,78.75,-5.53,30
NOVA,122.12,121.57,-0.45,48
STBC,258.58,256.37,-0.85,82
EDCI,193.21,191,-1.14,36
MCRP,81.49,82.42,1.14,11
VPHM,73.9,75.04,1.54,48
EDLK,207.58,206.07,-0.73,34
GTI,100.88,96.75,-4.09,43
CYBR,78.75,79.93,1.5,56
NOVA,121.57,118.38,-2.62,71
STBC,256.37,255.39,-0.38,71
EDCI,191,189.88,-0.59,68
MCRP,82.42,77.57,-5.88,80
VPHM,75.04,71.77,-4.36,47
EDLK,206.07,204.9,-0.57,59
GTI,96.75,94.8,-2.02,31
CYBR,79.93,80.54,0.76,93
NOVA,118.38,115.3,-2.6,60
STBC,255.39,253.53,-0.73,88
EDCI,189.88,185.02,-2.56,94
MCRP,77.57,74.33,-4.18,52
VPHM,71.77,67.45,-6.02,16
EDLK,204.9,206.46,0.76,80
GTI,94.8,94.97,0.18,40
CYBR,80.54,76.01,-5.62,87
NOVA,115.3,114.67,-0.55,78
STBC,253.53,252.92,-0.24,82
EDCI,185.02,185.39,0.2,81
MCRP,74.33,75.29,1.29,84
VPHM,67.45,69.01,2.31,76
EDLK,206.46,206.7,0.12,65
GTI,94.97,94.12,-0.9,64
CYBR,76.01,74.96,-1.38,17
NOVA,114.67,116.22,1.35,98
STBC,252.92,249.09,-1.51,41
EDCI,185.39,181.07,-2.33,6
MCRP,75.29,74.11,-1.57,71
VPHM,69.01,67.6,-2.04,21
EDLK,206.7,203.48,-1.56,68
GTI,94.12,91.15,-3.16,51
CYBR,74.96,75.5,0.72,7
NOVA,116.22,115.6,-0.53,83
STBC,249.09,249.12,0.01,14
EDCI,181.07,181.36,0.16,99
MCRP,74.11,75.81,2.29,84
VPHM,67.6,62.93,-6.91,82
EDLK,203.48,200.35,-1.54,100
GTI,91.15,87.1,-4.44,49
CYBR,75.5,77.21,2.26,2
NOVA,115.6,115.19,-0.35,85
STBC,249.12,250.89,0.71,5
EDCI,181.36,179.23,-1.17,40
MCRP,75.81,75.78,-0.04,97
VPHM,62.93,62.74,-0.3,69
EDLK,200.35,199.88,-0.23,78
GTI,87.1,83.36,-4.29,89
CYBR,77.21,72.52,-6.07,4
NOVA,115.19,115.37,0.16,60
STBC,250.89,251.49,0.24,37
EDCI,179.23,178.98,-0.14,56
MCRP,75.78,72.19,-4.74,92
VPHM,62.74,63.97,1.96,84
EDLK,199.88,197.99,-0.95,48
GTI,83.36,81.23,-2.56,22
CYBR,72.52,74.39,2.58,10
NOVA,115.37,110.54,-4.19,58
STBC,251.49,248.74,-1.09,93
EDCI,178.98,179.54,0.31,52
MCRP,72.19,67.91,-5.93,23
VPHM,63.97,62.15,-2.85,45
EDLK,197.99,196.39,-0.81,78
GTI,81.23,80.09,-1.4,24
CYBR,74.39,71.77,-3.52,62
NOVA,110.54,112.21,1.51,47
STBC,248.74,246.77,-0.79,82
EDCI,179.54,174.77,-2.66,74
MCRP,67.91,65.57,-3.45,29
VPHM,62.15,61.1,-1.69,22
EDLK,196.39,195.27,-0.57,80
GTI,80.09,77.49,-3.25,86
CYBR,71.77,69.02,-3.83,55
NOVA,112.21,110.82,-1.24,2
STBC,246.77,244.03,-1.11,48
EDCI,174.77,170.61,-2.38,48
MCRP,65.57,66.2,0.96,47
VPHM,61.1,62.83,2.83,54
EDLK,195.27,193.23,-1.04,47
GTI,77.49,76.57,-1.19,100
CYBR,69.02,68.32,-1.01,87
NOVA,110.82,110.02,-0.72,15
STBC,244.03,239.05,-2.04,81
EDCI,170.61,168.2,-1.41,45
MCRP,66.2,64.63,-2.37,49
VPHM,62.83,61.29,-2.45,50
EDLK,193.23,190.81,-1.25,61
GTI,76.57,73.46,-4.06,37
CYBR,68.32,69.37,1.54,25
NOVA,110.02,106,-3.65,85
STBC,239.05,239.65,0.25,84
EDCI,168.2,163.25,-2.94,27
MCRP,64.63,62.88,-2.71,32
VPHM,61.29,56.98,-7.03,21
EDLK,190.81,186.71,-2.15,7
GTI,73.46,69.67,-5.16,47
CYBR,69.37,68.29,-1.56,20
NOVA,106,106.2,0.19,80
STBC,239.65,240,0.15,99
EDCI,163.25,160.35,-1.78,13
MCRP,62.88,61.99,-1.42,28
VPHM,56.98,56.43,-0.97,25
EDLK,186.71,185.42,-0.69,59
GTI,69.67,66.73,-4.22,87
CYBR,68.29,65.07,-4.72,19
NOVA,106.2,103.73,-2.33,69
STBC,240,240.42,0.17,36
EDCI,160.35,161.37,0.64,48
MCRP,61.99,61.05,-1.52,63
VPHM,56.43,52.86,-6.33,19
EDLK,185.42,184.38,-0.56,7
GTI,66.73,67.61,1.32,51
CYBR,65.07,65.05,-0.03,31
NOVA,103.73,99.95,-3.64,52
STBC,240.42,235.58,-2.01,72
EDCI,161.37,159.73,-1.02,39
MCRP,61.05,58.72,-3.82,48
VPHM,52.86,54.01,2.18,16
EDLK,184.38,179.85,-2.46,38
GTI,67.61,63.71,-5.77,17
CYBR,65.05,66.08,1.58,23
NOVA,99.95,95.05,-4.9,2
STBC,235.58,236.44,0.37,26
EDCI,159.73,161.07,0.84,80
MCRP,58.72,59.18,0.78,84
VPHM,54.01,53.78,-0.43,8
EDLK,179.85,179.35,-0.28,69
GTI,63.71,61.73,-3.11,23
CYBR,66.08,65.36,-1.09,82
NOVA,95.05,93.74,-1.38,30
STBC,236.44,237.99,0.66,16
EDCI,161.07,160.09,-0.61,13
MCRP,59.18,56.42,-4.66,37
VPHM,53.78,50.1,-6.84,38
EDLK,179.35,175.98,-1.88,84
GTI,61.73,59.19,-4.11,41
CYBR,65.36,63.65,-2.62,8
NOVA,93.74,92.12,-1.73,74
STBC,237.99,235.63,-0.99,62
EDCI,160.09,158.06,-1.27,30
MCRP,56.42,52.4,-7.13,60
VPHM,50.1,50.58,0.96,34
EDLK,175.98,174.32,-0.94,39
GTI,59.19,56.65,-4.29,50
CYBR,63.65,58.88,-7.49,63
NOVA,92.12,88.57,-3.85,27
STBC,235.63,233.1,-1.07,25
EDCI,158.06,157.69,-0.23,45
MCRP,52.4,50.67,-3.3,17
VPHM,50.58,51.82,2.45,82
EDLK,174.32,172.07,-1.29,62
GTI,56.65,55.96,-1.22,68
CYBR,58.88,56.69,-3.72,31
NOVA,88.57,83.68,-5.52,6
STBC,233.1,229.07,-1.73,8
EDCI,157.69,155.68,-1.27,77
MCRP,50.67,51.87,2.37,52
VPHM,51.82,52.78,1.85,97
EDLK,172.07,167.73,-2.52,83
GTI,55.96,55.44,-0.93,35
CYBR,56.69,52.53,-7.34,6
NOVA,83.68,84.45,0.92,100
STBC,229.07,224.65,-1.93,96
EDCI,155.68,152.4,-2.11,30
MCRP,51.87,47.39,-8.64,45
VPHM,52.78,48.52,-8.07,26
EDLK,167.73,169.46,1.03,1
GTI,55.44,56.07,1.14,74
CYBR,52.53,53.49,1.83,8
NOVA,84.45,84.43,-0.02,31
STBC,224.65,221.78,-1.28,11
EDCI,152.4,151.68,-0.47,72
MCRP,47.39,42.46,-10.4,92
VPHM,48.52,49.86,2.76,25
EDLK,169.46,167.83,-0.96,1
GTI,56.07,56.53,0.82,79
CYBR,53.49,49.77,-6.95,86
NOVA,84.43,82.89,-1.82,22
STBC,221.78,221.85,0.03,96
EDCI,151.68,149.74,-1.28,35
MCRP,42.46,43.12,1.55,23
VPHM,49.86,47.94,-3.85,5
EDLK,167.83,167.22,-0.36,8
GTI,56.53,60.98,7.87,15
CYBR,49.77,49.51,-0.52,90
NOVA,82.89,84.69,2.17,53
STBC,221.85,224.87,1.36,50
EDCI,149.74,150.37,0.42,18
MCRP,43.12,44.57,3.36,89
VPHM,47.94,51.52,7.47,95
EDLK,167.22,170.79,2.13,37
GTI,60.98,65.22,6.95,11
CYBR,49.51,48.94,-1.15,22
NOVA,84.69,84.84,0.18,91
STBC,224.87,229.72,2.16,38
EDCI,150.37,155.2,3.21,66
MCRP,44.57,42.75,-4.08,23
VPHM,51.52,53.08,3.03,18
EDLK,170.79,175.32,2.65,60
GTI,65.22,68.72,5.37,19
CYBR,48.94,52.79,7.87,86
NOVA,84.84,86.45,1.9,84
STBC,229.72,232.5,1.21,90
EDCI,155.2,153.29,-1.23,5
MCRP,42.75,44.03,2.99,68
VPHM,53.08,53.04,-0.08,92
EDLK,175.32,177.4,1.19,56
GTI,68.72,73.48,6.93,18
CYBR,52.79,51.42,-2.6,2
NOVA,86.45,90.69,4.9,99
STBC,232.5,236.48,1.71,93
EDCI,153.29,154.46,0.76,69
MCRP,44.03,42.97,-2.41,86
VPHM,53.04,56.73,6.96,33
EDLK,177.4,180.93,1.99,61
GTI,73.48,71.58,-2.59,32
CYBR,51.42,54.02,5.06,53
NOVA,90.69,89.64,-1.16,7
STBC,236.48,241.03,1.92,63
EDCI,154.46,158.03,2.31,21
MCRP,42.97,45.01,4.75,54
VPHM,56.73,59.83,5.46,97
EDLK,180.93,185.47,2.51,30
GTI,71.58,71.15,-0.6,55
CYBR,54.02,53.69,-0.61,67
NOVA,89.64,93.78,4.62,21
STBC,241.03,242.61,0.66,54
EDCI,158.03,158.1,0.04,97
MCRP,45.01,47.11,4.67,50
VPHM,59.83,59.33,-0.84,43
EDLK,185.47,188.25,1.5,86
GTI,71.15,73.91,3.88,59
CYBR,53.69,55.48,3.33,31
NOVA,93.78,92.54,-1.32,52
STBC,242.61,245.21,1.07,27
EDCI,158.1,160.45,1.49,2
MCRP,47.11,47.41,0.64,48
VPHM,59.33,60.56,2.07,49
EDLK,188.25,192.7,2.36,87
GTI,73.91,76.66,3.72,26
CYBR,55.48,56.71,2.22,96
NOVA,92.54,91.32,-1.32,95
STBC,245.21,249.44,1.73,10
EDCI,160.45,162.71,1.41,30
MCRP,47.41,47.16,-0.53,77
VPHM,60.56,65.24,7.73,3
EDLK,192.7,197.67,2.58,18
GTI,76.66,80.64,5.19,58
CYBR,56.71,56.31,-0.71,12
NOVA,91.32,92.56,1.36,31
STBC,249.44,252.27,1.13,62
EDCI,162.71,164.88,1.33,64
MCRP,47.16,45.3,-3.94,22
VPHM,65.24,65.05,-0.29,99
EDLK,197.67,198.65,0.5,91
GTI,80.64,85.44,5.95,62
CYBR,56.31,54.9,-2.5,16
NOVA,92.56,96.56,4.32,81
STBC,252.27,250.65,-0.64,90
EDCI,164.88,163.6,-0.78,63
MCRP,45.3,44.03,-2.8,61
VPHM,65.05,67.22,3.34,48
EDLK,198.65,198.66,0.01,9
GTI,85.44,86.54,1.29,46
CYBR,54.9,57.46,4.66,55
NOVA,96.56,100.67,4.26,38
STBC,250.65,253.48,1.13,96
EDCI,163.6,166.6,1.83,19
MCRP,44.03,49.02,11.33,79
VPHM,67.22,67.75,0.79,11
EDLK,198.66,197.76,-0.45,71
GTI,86.54,85.91,-0.73,67
CYBR,57.46,62.03,7.95,31
NOVA,100.67,99.43,-1.23,27
STBC,253.48,255.73,0.89,2
EDCI,166.6,168.32,1.03,3
MCRP,49.02,49.88,1.75,52
VPHM,67.75,66.34,-2.08,58
EDLK,197.76,196.18,-0.8,26
GTI,85.91,84.41,-1.75,90
CYBR,62.03,61.81,-0.35,3
NOVA,99.43,102.97,3.56,92
STBC,255.73,258.85,1.22,29
EDCI,168.32,170.21,1.12,99
MCRP,49.88,52.6,5.45,27
VPHM,66.34,70.67,6.53,63
EDLK,196.18,201.07,2.49,93
GTI,84.41,88.25,4.55,97
CYBR,61.81,63,1.93,94
NOVA,102.97,107.89,4.78,23
STBC,258.85,257.91,-0.36,91
EDCI,170.21,170.92,0.42,75
MCRP,52.6,56.95,8.27,6
VPHM,70.67,75.54,6.89,81
EDLK,201.07,200.5,-0.28,2
GTI,88.25,90.85,2.95,57
CYBR,63,63.01,0.02,8
NOVA,107.89,111.27,3.13,77
STBC,257.91,261.82,1.52,99
EDCI,170.92,173.14,1.3,35
MCRP,56.95,60.83,6.81,20
VPHM,75.54,80.22,6.2,10
EDLK,200.5,199.84,-0.33,80
GTI,90.85,90.41,-0.48,22
CYBR,63.01,66.55,5.62,28
NOVA,111.27,112.98,1.54,28
STBC,261.82,264.58,1.05,21
EDCI,173.14,173.25,0.06,42
MCRP,60.83,65.2,7.18,50
VPHM,80.22,83.43,4,99
EDLK,199.84,199.37,-0.24,24
GTI,90.41,88.58,-2.02,85
CYBR,66.55,69.99,5.17,97
NOVA,112.98,113.5,0.46,88
STBC,264.58,265.97,0.53,100
EDCI,173.25,171.3,-1.13,72
MCRP,65.2,63.97,-1.89,64
VPHM,83.43,83.81,0.46,12
EDLK,199.37,199.13,-0.12,15
GTI,88.58,92.15,4.03,12
CYBR,69.99,74.86,6.96,77
NOVA,113.5,112.9,-0.53,15
STBC,265.97,266.71,0.28,22
EDCI,171.3,170.17,-0.66,63
MCRP,63.97,63.53,-0.69,8
VPHM,83.81,82.81,-1.19,31
EDLK,199.13,202.05,1.47,61
GTI,92.15,94.83,2.91,27
CYBR,74.86,76.4,2.06,53
NOVA,112.9,112.11,-0.7,92
STBC,266.71,270.82,1.54,25
EDCI,170.17,174.01,2.26,39
MCRP,63.53,63.36,-0.27,92
VPHM,82.81,84.27,1.76,30
EDLK,202.05,204.26,1.09,28
GTI,94.83,99.64,5.07,57
CYBR,76.4,77.66,1.65,43
NOVA,112.11,113.3,1.06,59
STBC,270.82,272.59,0.65,99
EDCI,174.01,176.6,1.49,24
MCRP,63.36,62.42,-1.48,27
VPHM,84.27,82.77,-1.78,4
EDLK,204.26,205.35,0.53,91
GTI,99.64,101.97,2.34,52
CYBR,77.66,76.32,-1.73,53
NOVA,113.3,115.25,1.72,21
STBC,272.59,276.83,1.56,25
EDCI,176.6,177.21,0.35,100
MCRP,62.42,66.68,6.82,9
VPHM,82.77,86.58,4.6,23
EDLK,205.35,206.68,0.65,13
GTI,101.97,101.34,-0.62,3
CYBR,76.32,76.16,-0.21,45
NOVA,115.25,119.23,3.45,82
STBC,276.83,276.29,-0.2,95
EDCI,177.21,180.06,1.61,3
MCRP,66.68,66.69,0.01,33
VPHM,86.58,85.8,-0.9,50
EDLK,206.68,207.18,0.24,74
GTI,101.34,103.07,1.71,96
CYBR,76.16,76.59,0.56,30
NOVA,119.23,121.82,2.17,51
STBC,276.29,278.5,0.8,100
EDCI,180.06,178.55,-0.84,39
MCRP,66.69,70.77,6.12,57
VPHM,85.8,86.87,1.25,49
EDLK,207.18,210.71,1.7,1
GTI,103.07,106.1,2.94,22
CYBR,76.59,75.49,-1.44,44
NOVA,121.82,123.57,1.44,81
STBC,278.5,278.24,-0.09,14
EDCI,178.55,182.97,2.48,39
MCRP,70.77,70.8,0.04,53
VPHM,86.87,89.99,3.59,70
EDLK,210.71,208.91,-0.85,81
GTI,106.1,108.65,2.4,89
CYBR,75.49,76.95,1.93,97
NOVA,123.57,126.08,2.03,17
STBC,278.24,281.22,1.07,17
EDCI,182.97,184.67,0.93,56
MCRP,70.8,75.59,6.77,76
VPHM,89.99,94.59,5.11,54
EDLK,208.91,206.85,-0.99,53
GTI,108.65,108.06,-0.54,14
CYBR,76.95,78.72,2.3,26
NOVA,126.08,122.43,-2.89,76
STBC,281.22,281.84,0.22,93
EDCI,184.67,184.07,-0.32,43
MCRP,75.59,73.17,-3.2,69
VPHM,94.59,94.19,-0.42,96
EDLK,206.85,202.44,-2.13,67
GTI,108.06,109.1,0.96,88
CYBR,78.72,75.32,-4.32,79
NOVA,122.43,121.34,-0.89,78
STBC,281.84,277.58,-1.51,20
EDCI,184.07,185.51,0.78,100
MCRP,73.17,71.37,-2.46,38
VPHM,94.19,92.41,-1.89,67
EDLK,202.44,201.4,-0.51,75
GTI,109.1,109.61,0.47,85
CYBR,75.32,70.67,-6.17,7
NOVA,121.34,122.02,0.56,1
STBC,277.58,278.6,0.37,76
EDCI,185.51,186.7,0.64,93
MCRP,71.37,67.36,-5.62,20
VPHM,92.41,87.92,-4.86,97
EDLK,201.4,200.47,-0.46,78
GTI,109.61,105.33,-3.9,9
CYBR,70.67,67.08,-5.08,81
NOVA,122.02,119.04,-2.44,17
STBC,278.6,275.77,-1.02,46
EDCI,186.7,185.84,-0.46,98
MCRP,67.36,66,-2.02,31
VPHM,87.92,88.47,0.63,58
EDLK,200.47,200.98,0.25,100
GTI,105.33,103.4,-1.83,17
CYBR,67.08,68.11,1.54,70
NOVA,119.04,120.15,0.93,81
STBC,275.77,273.87,-0.69,56
EDCI,185.84,183.74,-1.13,82
MCRP,66,62.32,-5.58,39
VPHM,88.47,83.71,-5.38,18
EDLK,200.98,200.62,-0.18,29
GTI,103.4,99.44,-3.83,15
CYBR,68.11,63.24,-7.15,65
NOVA,120.15,120.66,0.42,87
STBC,273.87,273.82,-0.02,78
EDCI,183.74,184.34,0.33,60
MCRP,62.32,60.52,-2.89,91
VPHM,83.71,84.12,0.49,58
EDLK,200.62,197,-1.8,28
GTI,99.44,98.82,-0.62,5
CYBR,63.24,59.67,-5.65,95
NOVA,120.66,118.37,-1.9,68
STBC,273.82,274.3,0.18,27
EDCI,184.34,181.09,-1.76,94
MCRP,60.52,58.64,-3.11,39
VPHM,84.12,80.89,-3.84,68
EDLK,197,198.96,0.99,51
GTI,98.82,96.45,-2.4,3
CYBR,59.67,55.15,-7.57,1
NOVA,118.37,116.2,-1.83,35
STBC,274.3,270.34,-1.44,61
EDCI,181.09,182.63,0.85,52
MCRP,58.64,54.21,-7.55,17
VPHM,80.89,76.31,-5.66,72
EDLK,198.96,198.73,-0.12,17
GTI,96.45,94.54,-1.98,84
CYBR,55.15,55.4,0.45,66
NOVA,116.2,115.47,-0.63,28
STBC,270.34,265.65,-1.73,8
EDCI,182.63,180.56,-1.13,13
MCRP,54.21,54.14,-0.13,31
VPHM,76.31,78.09,2.33,98
EDLK,198.73,196.13,-1.31,12
GTI,94.54,96.19,1.75,99
CYBR,55.4,52.52,-5.2,51
NOVA,115.47,115.75,0.24,34
STBC,265.65,263.51,-0.81,5
EDCI,180.56,181.49,0.52,85
MCRP,54.14,50.41,-6.89,4
VPHM,78.09,76.86,-1.58,33
EDLK,196.13,193.65,-1.26,21
GTI,96.19,93.13,-3.18,25
CYBR,52.52,52.98,0.88,69
NOVA,115.75,111.09,-4.03,81
STBC,263.51,264.95,0.55,67
EDCI,181.49,177.66,-2.11,52
MCRP,50.41,46.9,-6.96,48
VPHM,76.86,78.62,2.29,5
EDLK,193.65,194.79,0.59,13
GTI,93.13,94.27,1.22,6
CYBR,52.98,54.75,3.34,32
NOVA,111.09,109.67,-1.28,34
STBC,264.95,265.47,0.2,88
EDCI,177.66,179.38,0.97,93
MCRP,46.9,46.31,-1.26,80
VPHM,78.62,76.28,-2.98,96
EDLK,194.79,193.13,-0.85,26
GTI,94.27,90.78,-3.7,96
CYBR,54.75,51.15,-6.58,7
NOVA,109.67,110.61,0.86,40
STBC,265.47,261.16,-1.62,36
EDCI,179.38,175.47,-2.18,46
MCRP,46.31,44.12,-4.73,69
VPHM,76.28,74.15,-2.79,60
EDLK,193.13,190.92,-1.14,38
GTI,90.78,90.74,-0.04,4
CYBR,51.15,52.19,2.03,97
NOVA,110.61,105.72,-4.42,11
STBC,261.16,259.72,-0.55,84
EDCI,175.47,177.41,1.11,95
MCRP,44.12,45.93,4.1,59
VPHM,74.15,71.65,-3.37,87
EDLK,190.92,192.39,0.77,84
GTI,90.74,88.79,-2.15,14
CYBR,52.19,51.68,-0.98,49
NOVA,105.72,101.81,-3.7,33
STBC,259.72,256.33,-1.31,11
EDCI,177.41,179.3,1.07,41
MCRP,45.93,43.65,-4.96,73
VPHM,71.65,72.41,1.06,66
EDLK,192.39,190.71,-0.87,70
GTI,88.79,88.88,0.1,49
CYBR,51.68,52.29,1.18,11
NOVA,101.81,101.76,-0.05,60
STBC,256.33,252.74,-1.4,48
EDCI,179.3,180.98,0.94,66
MCRP,43.65,39.78,-8.87,81
VPHM,72.41,69.65,-3.81,1
EDLK,190.71,189.66,-0.55,59
GTI,88.88,85.8,-3.47,68
CYBR,52.29,50.67,-3.1,84
NOVA,101.76,98.3,-3.4,52
STBC,252.74,253.04,0.12,100
EDCI,180.98,180.96,-0.01,5
MCRP,39.78,36.66,-7.84,78
VPHM,69.65,68.13,-2.18,79
EDLK,189.66,186.99,-1.41,34
GTI,85.8,82.21,-4.18,69
CYBR,50.67,49.28,-2.74,86
NOVA,98.3,97.36,-0.96,42
STBC,253.04,254.95,0.75,77
EDCI,180.96,179.9,-0.59,96
MCRP,36.66,32.53,-11.27,39
VPHM,68.13,66.48,-2.42,50
EDLK,186.99,183.85,-1.68,6
GTI,82.21,83.5,1.57,62
CYBR,49.28,48.86,-0.85,42
NOVA,97.36,99.07,1.76,9
STBC,254.95,250.87,-1.6,62
EDCI,179.9,175.78,-2.29,4
MCRP,32.53,34.34,5.56,48
VPHM,66.48,62.72,-5.66,73
EDLK,183.85,180.41,-1.87,99
GTI,83.5,78.93,-5.47,69
CYBR,48.86,44.5,-8.92,7
NOVA,99.07,94.14,-4.98,69
STBC,250.87,247.6,-1.3,70
EDCI,175.78,176.94,0.66,75
MCRP,34.34,32.6,-5.07,81
VPHM,62.72,64.71,3.17,52
EDLK,180.41,181.2,0.44,32
GTI,78.93,80.31,1.75,62
CYBR,44.5,42.25,-5.06,34
NOVA,94.14,91.58,-2.72,2
STBC,247.6,248.95,0.55,80
EDCI,176.94,175.2,-0.98,2
MCRP,32.6,33.33,2.24,15
VPHM,64.71,65.54,1.28,31
EDLK,181.2,177.25,-2.18,3
GTI,80.31,77.91,-2.99,12
CYBR,42.25,37.81,-10.51,74
NOVA,91.58,92.88,1.42,70
STBC,248.95,245.97,-1.2,44
EDCI,175.2,173.44,-1,36
MCRP,33.33,32.69,-1.92,99
VPHM,65.54,65.07,-0.72,36
EDLK,177.25,176.56,-0.39,28
GTI,77.91,73.34,-5.87,45
CYBR,37.81,38.3,1.3,61
NOVA,92.88,92.34,-0.58,6
STBC,245.97,247.54,0.64,91
EDCI,173.44,172.95,-0.28,10
MCRP,32.69,30.7,-6.09,57
VPHM,65.07,64.33,-1.14,59
EDLK,176.56,177.03,0.27,63
GTI,73.34,73.48,0.19,14
CYBR,38.3,35.36,-7.68,42
NOVA,92.34,87.7,-5.02,25
STBC,247.54,246.23,-0.53,7
EDCI,172.95,174.05,0.64,80
MCRP,30.7,29.25,-4.72,61
VPHM,64.33,65.56,1.91,1
EDLK,177.03,176.85,-0.1,25
GTI,73.48,69.58,-5.31,25
CYBR,35.36,33.53,-5.18,48
NOVA,87.7,87.78,0.09,44
STBC,246.23,246.74,0.21,68
EDCI,174.05,174.48,0.25,17
MCRP,29.25,25.98,-11.18,41
VPHM,65.56,67.13,2.39,8
EDLK,176.85,181.66,2.72,49
GTI,69.58,73.85,6.14,18
CYBR,33.53,34.04,1.52,84
NOVA,87.78,89.84,2.35,46
STBC,246.74,248.95,0.9,3
EDCI,174.48,177.75,1.87,70
MCRP,25.98,30.38,16.94,89
VPHM,67.13,71.98,7.22,98
EDLK,181.66,184.22,1.41,98
GTI,73.85,74.32,0.64,86
CYBR,34.04,32.77,-3.73,73
NOVA,89.84,89.84,0,63
STBC,248.95,247.1,-0.74,72
EDCI,177.75,177.64,-0.06,2
MCRP,30.38,31.09,2.34,5
VPHM,71.98,70.18,-2.5,20
EDLK,184.22,188.83,2.5,40
GTI,74.32,72.93,-1.87,51
CYBR,32.77,35.32,7.78,73
NOVA,89.84,89.91,0.08,9
STBC,247.1,246.72,-0.15,48
EDCI,177.64,177.13,-0.29,90
MCRP,31.09,30.55,-1.74,25
VPHM,70.18,73.05,4.09,29
EDLK,188.83,188.62,-0.11,27
GTI,72.93,74.82,2.59,22
CYBR,35.32,38.82,9.91,18
NOVA,89.91,91.88,2.19,77
STBC,246.72,247.41,0.28,20
EDCI,177.13,181.36,2.39,84
MCRP,30.55,34.39,12.57,76
VPHM,73.05,75.46,3.3,63
EDLK,188.62,192.26,1.93,76
GTI,74.82,75.13,0.41,78
CYBR,38.82,37.92,-2.32,48
NOVA,91.88,96.44,4.96,28
STBC,247.41,251.19,1.53,62
EDCI,181.36,179.54,-1,98
MCRP,34.39,32.83,-4.54,51
VPHM,75.46,79.46,5.3,83
EDLK,192.26,192.61,0.18,91
GTI,75.13,73.96,-1.56,85
CYBR,37.92,42.25,11.42,79
NOVA,96.44,95.24,-1.24,11
STBC,251.19,250.18,-0.4,31
EDCI,179.54,178.12,-0.79,76
MCRP,32.83,32.77,-0.18,26
VPHM,79.46,81.81,2.96,13
EDLK,192.61,195.02,1.25,83
GTI,73.96,73.47,-0.66,98
CYBR,42.25,41.18,-2.53,18
NOVA,95.24,93.35,-1.98,40
STBC,250.18,252.77,1.04,75
EDCI,178.12,178.78,0.37,80
MCRP,32.77,35.78,9.19,22
VPHM,81.81,85.83,4.91,58
EDLK,195.02,199.23,2.16,73
GTI,73.47,76.23,3.76,85
CYBR,41.18,39.65,-3.72,68
NOVA,93.35,98.05,5.03,31
STBC,252.77,252.38,-0.15,5
EDCI,178.78,183.64,2.72,76
MCRP,35.78,40.45,13.05,21
VPHM,85.83,84.55,-1.49,15
EDLK,199.23,197.67,-0.78,62
GTI,76.23,75.4,-1.09,7
CYBR,39.65,44.33,11.8,36
NOVA,98.05,97.93,-0.12,13
STBC,252.38,254.62,0.89,28
EDCI,183.64,188.48,2.64,8
MCRP,40.45,43.65,7.91,49
VPHM,84.55,86.05,1.77,45
EDLK,197.67,196.34,-0.67,27
GTI,75.4,78.14,3.63,16
CYBR,44.33,49.13,10.83,63
NOVA,97.93,99.26,1.36,88
STBC,254.62,257.71,1.21,54
EDCI,188.48,192.99,2.39,47
MCRP,43.65,42.8,-1.95,51
VPHM,86.05,86.64,0.69,100
EDLK,196.34,198.38,1.04,42
GTI,78.14,78.29,0.19,37
CYBR,49.13,51.84,5.52,50
NOVA,99.26,98.31,-0.96,72
STBC,257.71,257.08,-0.24,1
EDCI,192.99,195.5,1.3,37
MCRP,42.8,47.57,11.14,66
VPHM,86.64,91.41,5.51,60
EDLK,198.38,200.82,1.23,63
GTI,78.29,78.61,0.41,100
CYBR,51.84,52.36,1,61
NOVA,98.31,98.36,0.05,44
STBC,257.08,256.25,-0.32,91
EDCI,195.5,200.1,2.35,11
MCRP,47.57,50.05,5.21,60
VPHM,91.41,90.92,-0.54,44
EDLK,200.82,200.37,-0.22,70
GTI,78.61,80.94,2.96,2
CYBR,52.36,52.01,-0.67,22
NOVA,98.36,103.3,5.02,49
STBC,256.25,261.1,1.89,44
EDCI,200.1,198.76,-0.67,8
MCRP,50.05,52.44,4.78,3
VPHM,90.92,92.58,1.83,10
EDLK,200.37,203.76,1.69,68
GTI,80.94,85.1,5.14,27
CYBR,52.01,51.1,-1.75,7
NOVA,103.3,105.5,2.13,94
STBC,261.1,259.26,-0.7,71
EDCI,198.76,197.19,-0.79,91
MCRP,52.44,53.84,2.67,26
VPHM,92.58,92.51,-0.08,15
EDLK,203.76,207.37,1.77,88
GTI,85.1,88.79,4.34,47
CYBR,51.1,51.41,0.61,71
NOVA,105.5,109.45,3.74,75
STBC,259.26,258.32,-0.36,98
EDCI,197.19,199.42,1.13,62
MCRP,53.84,52.96,-1.63,22
VPHM,92.51,90.69,-1.97,12
EDLK,207.37,207.22,-0.07,30
GTI,88.79,92.8,4.52,100
CYBR,51.41,50.96,-0.88,87
NOVA,109.45,114,4.16,62
STBC,258.32,259.62,0.5,91
EDCI,199.42,198.65,-0.39,46
MCRP,52.96,57.28,8.16,26
VPHM,90.69,93.09,2.65,80
EDLK,207.22,207.57,0.17,42
GTI,92.8,96.8,4.31,26
CYBR,50.96,51.2,0.47,54
NOVA,114,118.11,3.61,42
STBC,259.62,259.12,-0.19,77
EDCI,198.65,200.32,0.84,93
MCRP,57.28,61.01,6.51,35
VPHM,93.09,91.29,-1.93,56
EDLK,207.57,211.82,2.05,73
GTI,96.8,95.38,-1.47,74
CYBR,51.2,53.85,5.18,95
NOVA,118.11,119.49,1.17,14
STBC,259.12,263.62,1.74,83
EDCI,200.32,199.26,-0.53,50
MCRP,61.01,63.65,4.33,30
VPHM,91.29,90.58,-0.78,87
EDLK,211.82,212.52,0.33,82
GTI,95.38,99.52,4.34,71
CYBR,53.85,55.82,3.66,47
NOVA,119.49,122.44,2.47,49
STBC,263.62,268.13,1.71,51
EDCI,199.26,203.28,2.02,22
MCRP,63.65,62.69,-1.51,67
VPHM,90.58,93.2,2.89,58
EDLK,212.52,216.16,1.71,86
GTI,99.52,97.88,-1.65,6
CYBR,55.82,57.4,2.83,10
NOVA,122.44,120.77,-1.36,43
STBC,268.13,266.8,-0.5,83
EDCI,203.28,205.61,1.15,7
MCRP,62.69,66.75,6.48,64
VPHM,93.2,95.04,1.97,94
EDLK,216.16,220.87,2.18,95
GTI,97.88,100.51,2.69,43
CYBR,57.4,59.75,4.09,93
NOVA,120.77,119.17,-1.32,38
STBC,266.8,265.72,-0.4,36
EDCI,205.61,203.75,-0.9,32
MCRP,66.75,64.96,-2.68,38
VPHM,95.04,99.51,4.7,22
EDLK,220.87,224.28,1.54,90
GTI,100.51,100.05,-0.46,86
CYBR,59.75,60.78,1.72,26
NOVA,119.17,123.58,3.7,38
STBC,265.72,267.24,0.57,37
EDCI,203.75,208.69,2.42,11
MCRP,64.96,63.47,-2.29,38
VPHM,99.51,102.71,3.22,15
EDLK,224.28,228.28,1.78,52
GTI,100.05,104.37,4.32,10
CYBR,60.78,64.35,5.87,94
NOVA,123.58,123.34,-0.19,75
STBC,267.24,269.24,0.75,85
EDCI,208.69,211.9,1.54,45
MCRP,63.47,65.18,2.69,32
VPHM,102.71,101.98,-0.71,95
EDLK,228.28,227.96,-0.14,83
GTI,104.37,108.37,3.83,66
CYBR,64.35,63.65,-1.09,39
NOVA,123.34,123.04,-0.24,69
STBC,269.24,270.41,0.43,59
EDCI,211.9,215.06,1.49,23
MCRP,65.18,64.21,-1.49,61
VPHM,101.98,104.26,2.24,23
EDLK,227.96,226.01,-0.86,6
GTI,108.37,112.37,3.69,72
CYBR,63.65,65.36,2.69,26
NOVA,123.04,123.48,0.36,6
STBC,270.41,270.68,0.1,38
EDCI,215.06,219.38,2.01,37
MCRP,64.21,67.48,5.09,25
VPHM,104.26,103.37,-0.85,65
EDLK,226.01,222.74,-1.45,98
GTI,112.37,110.61,-1.57,10
CYBR,65.36,64.19,-1.79,6
NOVA,123.48,124.87,1.13,67
STBC,270.68,267.55,-1.16,87
EDCI,219.38,215.46,-1.79,68
MCRP,67.48,62.59,-7.25,88
VPHM,103.37,99.7,-3.55,28
EDLK,222.74,217.83,-2.2,37
GTI,110.61,108.91,-1.54,35
CYBR,64.19,59.33,-7.57,35
NOVA,124.87,125.91,0.83,31
STBC,267.55,266.75,-0.3,44
EDCI,215.46,210.99,-2.07,6
MCRP,62.59,58.32,-6.82,97
VPHM,99.7,99.1,-0.6,52
EDLK,217.83,213.18,-2.13,45
GTI,108.91,107.37,-1.41,2
CYBR,59.33,59.19,-0.24,74
NOVA,125.91,121.84,-3.23,39
STBC,266.75,266.69,-0.02,58
EDCI,210.99,207.18,-1.81,56
MCRP,58.32,59.76,2.47,34
VPHM,99.1,96.74,-2.38,11
EDLK,213.18,211.64,-0.72,87
GTI,107.37,107.5,0.12,18
CYBR,59.19,56.04,-5.32,36
NOVA,121.84,120.99,-0.7,52
STBC,266.69,266.3,-0.15,31
EDCI,207.18,207.92,0.36,74
MCRP,59.76,55.73,-6.74,51
VPHM,96.74,97.92,1.22,30
EDLK,211.64,208.49,-1.49,71
GTI,107.5,107.88,0.35,54
CYBR,56.04,57.89,3.3,22
NOVA,120.99,122.34,1.12,70
STBC,266.3,267.17,0.33,49
EDCI,207.92,206.82,-0.53,52
MCRP,55.73,57.34,2.89,35
VPHM,97.92,94.46,-3.53,32
EDLK,208.49,206.29,-1.06,15
GTI,107.88,108.38,0.46,94
CYBR,57.89,55.06,-4.89,1
NOVA,122.34,119.08,-2.66,23
STBC,267.17,267.87,0.26,66
EDCI,206.82,204.42,-1.16,33
MCRP,57.34,53.23,-7.17,35
VPHM,94.46,93.81,-0.69,10
EDLK,206.29,202.63,-1.77,49
GTI,108.38,105.63,-2.54,50
CYBR,55.06,55.03,-0.05,89
NOVA,119.08,114.23,-4.07,52
STBC,267.87,263.53,-1.62,41
EDCI,204.42,200.52,-1.91,61
MCRP,53.23,51.9,-2.5,86
VPHM,93.81,89.67,-4.41,50
EDLK,202.63,199.91,-1.34,5
GTI,105.63,102.49,-2.97,83
CYBR,55.03,53.81,-2.22,79
NOVA,114.23,115.73,1.31,59
STBC,263.53,263.31,-0.08,75
EDCI,200.52,200.26,-0.13,79
MCRP,51.9,49.29,-5.03,13
VPHM,89.67,87.7,-2.2,17
EDLK,199.91,200.71,0.4,26
GTI,102.49,101.83,-0.64,46
CYBR,53.81,53.88,0.13,16
NOVA,115.73,112.33,-2.94,15
STBC,263.31,264.09,0.3,47
EDCI,200.26,200.45,0.09,96
MCRP,49.29,46.81,-5.03,83
VPHM,87.7,83.83,-4.41,6
EDLK,200.71,199.44,-0.63,62
GTI,101.83,98.5,-3.27,36
CYBR,53.88,51.7,-4.05,12
NOVA,112.33,113.96,1.45,91
STBC,264.09,259.97,-1.56,91
EDCI,200.45,197.55,-1.45,41
MCRP,46.81,45.26,-3.31,44
VPHM,83.83,85.22,1.66,93
EDLK,199.44,200.55,0.56,99
GTI,98.5,97.62,-0.89,87
CYBR,51.7,53.63,3.73,11
NOVA,113.96,111.09,-2.52,7
STBC,259.97,258.75,-0.47,59
EDCI,197.55,193.02,-2.29,38
MCRP,45.26,41.61,-8.06,36
VPHM,85.22,80.72,-5.28,62
EDLK,200.55,196.94,-1.8,70
GTI,97.62,94.31,-3.39,35
CYBR,53.63,54.76,2.11,68
NOVA,111.09,107.01,-3.67,87
STBC,258.75,257.93,-0.32,31
EDCI,193.02,194.51,0.77,9
MCRP,41.61,43.21,3.85,21
VPHM,80.72,77.99,-3.38,72
EDLK,196.94,192.55,-2.23,45
GTI,94.31,95.33,1.08,98
CYBR,54.76,55.06,0.55,55
NOVA,107.01,108.94,1.8,61
STBC,257.93,254.89,-1.18,73
EDCI,194.51,196.02,0.78,32
MCRP,43.21,39.77,-7.96,35
VPHM,77.99,79.33,1.72,73
EDLK,192.55,190.01,-1.32,12
GTI,95.33,90.51,-5.06,37
CYBR,55.06,51.34,-6.76,24
NOVA,108.94,105.85,-2.84,25
STBC,254.89,254.82,-0.03,82
EDCI,196.02,194.5,-0.78,73
MCRP,39.77,39.23,-1.36,34
VPHM,79.33,77.08,-2.84,98
EDLK,190.01,189.39,-0.33,89
GTI,90.51,85.99,-4.99,48
CYBR,51.34,47.13,-8.2,71
NOVA,105.85,104.22,-1.54,90
STBC,254.82,250.13,-1.84,73
EDCI,194.5,190.85,-1.88,7
MCRP,39.23,40.08,2.17,46
VPHM,77.08,76.31,-1,24
EDLK,189.39,188.24,-0.61,84
GTI,85.99,86.89,1.05,89
CYBR,47.13,46.11,-2.16,38
NOVA,104.22,102.67,-1.49,7
STBC,250.13,247.7,-0.97,28
EDCI,190.85,188.92,-1.01,84
MCRP,40.08,37.78,-5.74,58
VPHM,76.31,77.64,1.74,5
EDLK,188.24,185.43,-1.49,24
GTI,86.89,84.08,-3.23,71
CYBR,46.11,43.71,-5.2,84
NOVA,102.67,100.27,-2.34,71
STBC,247.7,247.61,-0.04,41
EDCI,188.92,187.01,-1.01,6
MCRP,37.78,38.03,0.66,31
VPHM,77.64,73.3,-5.59,70
EDLK,185.43,185.98,0.3,63
GTI,84.08,81.88,-2.62,41
CYBR,43.71,40.73,-6.82,27
NOVA,100.27,95.42,-4.84,2
STBC,247.61,249.5,0.76,34
EDCI,187.01,182.67,-2.32,61
MCRP,38.03,39.26,3.23,15
VPHM,73.3,73.09,-0.29,93
EDLK,185.98,182.49,-1.88,6
GTI,81.88,77.74,-5.06,29
CYBR,40.73,40.67,-0.15,49
NOVA,95.42,90.63,-5.02,73
STBC,249.5,247.21,-0.92,78
EDCI,182.67,184.08,0.77,45
MCRP,39.26,36.17,-7.87,55
VPHM,73.09,71.16,-2.64,38
EDLK,182.49,180.93,-0.85,70
GTI,77.74,78.68,1.21,86
CYBR,40.67,36.19,-11.02,11
NOVA,90.63,92.03,1.54,44
STBC,247.21,242.95,-1.72,50
EDCI,184.08,185.37,0.7,39
MCRP,36.17,37.88,4.73,56
VPHM,71.16,72.08,1.29,63
EDLK,180.93,176.06,-2.69,2
GTI,78.68,75.66,-3.84,51
CYBR,36.19,32.36,-10.58,78
NOVA,92.03,87.13,-5.32,75
STBC,242.95,241.81,-0.47,3
EDCI,185.37,182.88,-1.34,18
MCRP,37.88,38.33,1.19,25
VPHM,72.08,71.1,-1.36,2
EDLK,176.06,175.55,-0.29,32
GTI,75.66,71.46,-5.55,33
CYBR,32.36,34.21,5.72,87
NOVA,87.13,87.21,0.09,5
STBC,241.81,238.49,-1.37,48
EDCI,182.88,183.65,0.42,82
MCRP,38.33,38.27,-0.16,93
VPHM,71.1,70.18,-1.29,88
EDLK,175.55,174.8,-0.43,41
GTI,71.46,67.76,-5.18,87
CYBR,34.21,34.76,1.61,39
NOVA,87.21,82.59,-5.3,25
STBC,238.49,238.68,0.08,69
EDCI,183.65,180.56,-1.68,83
MCRP,38.27,39.05,2.04,5
VPHM,70.18,72.15,2.81,47
EDLK,174.8,174.35,-0.26,21
GTI,67.76,65.25,-3.7,87
CYBR,34.76,36.72,5.64,73
NOVA,82.59,77.94,-5.63,6
STBC,238.68,240.04,0.57,87
EDCI,180.56,182.09,0.85,31
MCRP,39.05,36.45,-6.66,64
VPHM,72.15,67.62,-6.28,54
EDLK,174.35,172.59,-1.01,40
GTI,65.25,66.4,1.76,5
CYBR,36.72,33.77,-8.03,50
NOVA,77.94,74.6,-4.29,91
STBC,240.04,240.63,0.25,57
EDCI,182.09,183.58,0.82,78
MCRP,36.45,36.43,-0.05,74
VPHM,67.62,68.56,1.39,75
